id,category,source,text,summary,word_count,summary_word_count,compression_ratio,n_sentences
1501781400-montella-milan-tidak-terburu-buru-rekrut-penyerang,olahraga,goal indonesia,"Pelatih AC Milan Vincenzo Montella mengatakan klubnya tidak sedang dikejar waktu untuk segera merekrut penyerang baru demi menambah kualitas skuatnya. Sejauh ini Milan telah merekrut sepuluh pemain termasuk penyerang asal Portugal Andre Silva dan bek Juventus Leonardo Bonucci dalam bursa transfer yang sibuk. Mereka juga telah berhasil memperpanjang kontrak Gianluigi Donnarumma yang sebelumnya sempat nampak ingin hengkang. Akan tetapi Montella menyatakan Milan belum selesai dalam hal merekrut pemain baru, beberapa penyerang papan atas seperti Pierre - Emerick Aubameyang dari Borussia Dortmund, Diego Costa milik Chelsea, dan penyerang Torino Andrea Belotti telah dikaitkan dengan Rossoneri. SIMAK JUGA: Mino Raiola Tawarkan Zlatan Ibrahimovic Ke AC Milan "" Kami berhenti sesaat setelah bekerja keras [ di bursa transfer]. Kami tidak terburu-buru, kami penuh perhatian, dan tidak ada batas waktu, "" ujar Montella jelang laga leg kedua babak ketiga kualifikasi Liga Europa kontra CSU Craiova, seperti dikutip dari Goal Internasional. "" Silva melakukan pekerjaannya dengan baik, kami tahu dia perlu berkembang karena dia baru saja tiba. Kemarin dia mengalami masalah kecil pada jarinya, saya akan melakukan evaluasi apakah akan memainkannya. Kompetisi di suatu klub besar adalah hal yang normal, seorang pemain hebat harus bisa mengatasi situasi seperti itu. Tidak perlu terburu-buru dan dia harus beradaptasi. "" Milan unggul 1 - 0 jelang laga leg kedua di Sa Siro, Kamis ( 3 / 8). Mereka meraih kemenangan berkat gol Ricardo Rodriguez, tapi Montella berharap permainan timnya bisa lebih baik lagi. SIMAK JUGA: Ricardo Rodriguez Girang Cetak Gol Kemenangan AC Milan "" Saya mengharapkan permainan yang lebih baik dari tim kami melalui sudut pandang psikologis dibanding fisik seperti saat bermain di Craiova, meskipun tim telah melakukan pendekatan yang tepat. Kami akan mempertahankan pendekatan itu di San Siro, "" kata Montella. "" Kami juga telah mengalami peningkatan secara fisik, sebelumnya kami baru kembali dari Tiongkok dan hanya memiliki masa persiapan tiga hari untuk menjalani laga kontra Craiova. "" "" Kami harus menghormati lawan. Hal yang terpenting pada esok hari adalah hasil tapi kami juga ingin bermain bagus dihadapan para fan. ""","Pelatih AC Milan Vincenzo Montella mengatakan klubnya tidak sedang dikejar waktu untuk segera merekrut penyerang baru demi menambah kualitas skuatnya. Sejauh ini Milan telah merekrut sepuluh pemain. Montella menyatakan Milan belum selesai dalam hal merekrut pemain baru, beberapa penyerang papan atas seperti Pierre - Emerick Aubameyang dari Borussia Dortmund, Diego Costa milik Chelsea, dan penyerang Torino Andrea Belotti telah dikaitkan dengan Rossoneri.",334,62,0.1856,19
1500401700-mutiara-hitam-yang-tak-pernah-berhenti-bersinar,olahraga,cnn indonesia,"Jakarta, CNN Indonesia - - Julukan Mutiara Hitam yang disematkan kepada Persipura Jayapura bukan tanpa makna. Klub asal Papua tersebut terus bersinar meski sempat dilanda segudang problem di awal musim Liga 1 musim 2017. PT Freeport Indonesia yang selama ini menjadi sponsor utama secara mengejutkan menghentikan aliran dana ke Persipura. Kondisi ini sempat membuat manajemen mundur dari kompetisi sebelum akhirnya mendapat suntikan dana segar dari Bank Papua sebesar Rp 7,5 miliar. Klub kebanggaan masyarakat Papua itu memutuskan untuk ikut Liga 1 dengan mengandalkan mayotitas talenta lokal. Hanya Addison Alves ( 36) yang berstatus pemain asing di klub berjuluk Mutiara Hitam. Masalah Persipura belum berhenti sampai di situ. Manajemen klub terpaksa memecat pelatih Angel Alfredo Vera dua hari jelang kompetisi digulirkan karena terbentur regulasi lisensi kepelatihan. PT Liga Indonesia Baru ( LIB) selaku operator Liga 1 mewajibkan pelatih klub kasta tertinggi harus mengantongi lisensi A AFC. Syarat mutlak yang tak bisa dipenuhi pelatih asal Argentina tersebut. Persipura yang menunjuk Liestiadi sebagai pelatih kepala harus terseok-seok di awal musim. Karier mantan juru taktik Persegres Gresik United ini ternyata hanya bertahan di pekan ke - 10. Liestiadi pun memutuskan mundur dari jabatannya setelah Persipura takluk 0 - 2 di markas Madura United. Sebelumnya, Boaz Solossa dkk juga menelan kekalahan telak 1 - 5 dari PSM Makassar. Dua kekalahan beruntun menjadi alasan kuat bagi Liestiadi untuk angkat koper dari Papua. Entah kebetulan atau tidak, kepergian Liestiadi justru menjadi kebangkitan bagi Persipura. Tim kebanggaan Persipura Mania bahkan sukses melejit ke posisi kedua klasemen sementara dengan catatan tak terkalahkan di lima pertandingan terakhir. Teranyar, Persipura yang ditangani pelatih anyar, Wanderley Junior, berhasil mencuri kemenangan di markas Arema FC. Gol yang diciptakan Ruben Sanadi dan Yan Pieter Nasadit memastikan kemenangan 2 - 0 di Malang. Sejumlah talenta lokal macam Marinus Maryanto Manewar dan Prisca Womsiwor pun tampil cemerlang. Marinus mencetak tiga gol dari delapan pertandingan, sementara Womsiwor sukses mengemas lima gol. Womsiwor mulai menjadi sorotan setelah Mariyanus harus absen di sejumlah laga Persipura lantaran tergabung di Timnas Indonesia yang diproyeksikan ke SEA Games 2017. Boaz Solossa yang kini berusia 31 tahun pun masih menjadi anutan para pemain muda. Striker Indonesia di Piala AFF 2016 itu pun sudah menyarangkan lima gol dari 11 pertandingan. Persipura yang sempat terseok-seok di awal musim mulai menunjukkan taji sebagai tim favorit juara. Pengoleksi juara empat kali di kompetisi sepak bola kasta tertinggi itu kembali ke jalur perburuan gelar di Liga 1 musim 2017. Mental juara yang dimiliki Boaz dkk masih tersimpan rapi. Sinar Mutiara Hitam yang sempat pudar kembali berbinar dan mengancam posisi puncak klasemen yang beberapa pekan terakhir dikuasai PSM Makassar. ( har)","Julukan Mutiara Hitam yang disematkan kepada Persipura Jayapura bukan tanpa makna. Klub asal Papua tersebut terus bersinar meski sempat dilanda segudang problem di awal musim Liga 1 musim 2017. PT Freeport Indonesia yang menjadi sponsor utama secara mengejutkan menghentikan aliran dana ke Persipura. Kondisi ini sempat membuat manajemen mundur sebelum mendapat suntikan dana segar dari Bank Papua sebesar Rp 7,5 miliar.",432,61,0.1412,29
1501693860-pengeroyok-bobotoh-ricko-andrean-ditangkap,tajuk utama,cnn indonesia,"Jakarta, CNN Indonesia - - Satuan Reserse Kriminal ( Satreskrim) Polrestabes Bandung berhasil menangkap pelaku pengeroyok Ricko Andrean, suporter Persib Bandung yang meninggal setelah menjadi korban pengeroyokan di Stadion Gelora Bandung Lautan Api ( GBLA) pada laga melawan Persija Jakarta, Sabtu ( 22 / 7). Satu pelaku pengeroyok Ricko yang berhasil ditangkap polisi adalah Wugi F. Rojak, pemuda 19 tahun asal Ciparay, Kabupaten Bandung. Selain Wugi, polisi juga menangkap empat orang lainnya karena mengunggah foto-foto saat Ricko terkapar di Stadion GBLA dan disertai ujaran - ujaran kebencian. Keempat orang yang dijerat UU ITE tersebut adalah GRF, AK, EM dan SL. “ Ya, kami sudah tangkap. Ada lima yang ditangkap. Ditangkap secara bertahap dari wilayah yang berbeda-beda, ” ujar Kapolrestabes Bandung Kombes Pol Hendro Pandowo kepada CNNIndonesia.com, Selasa ( 1 / 8). Hendro mengatakan dalam video yang didapat pihaknya, Wugi menendang dada Ricko ketika pengeroyokan terjadi. Lebih lanjut Hendro mengatakan pihaknya masih memburu empat pelaku lainnya yang diduga mengeroyok Ricko. Polisi sudah berhasil mengidentifikasi keempat pelaku tersebut. “ Selanjutnya, kami masih mengejar empat pelaku pengeroyokan lainnya. Sudah masuk DPO ( daftar pencarian orang), ” ucap Hendro. Ricko meninggal di Rumah Sakit Santo Yusup, Bandung, Kamis ( 27 / 7), lima hari setelah menjadi korban pengeroyokan di Stadion GBLA. Ricko diketahui berusaha melindungi seorang The Jakmania yang ketahuan hadir di Stadion GBLA.","Satuan Reserse Kriminal Polrestabes Bandung berhasil menangkap pelaku pengeroyok Ricko Andrean, suporter Persib Bandung yang meninggal setelah menjadi korban pengeroyokan di Stadion Gelora Bandung Lautan Api pada laga melawan Persija Jakarta, Sabtu. Satu pelaku pengeroyok Ricko yang berhasil ditangkap polisi adalah Wugi F. Rojak, pemuda 19 tahun asal Ciparay, Kabupaten Bandung. Selain Wugi, polisi juga menangkap empat orang lainnya.",220,59,0.2682,14
1516054500-persib-tidak-bisa-gunakan-si-jalak-harupat,olahraga,cnn indonesia,"Jakarta, CNN Indonesia - - Persib Bandung dipastikan tidak bisa menggunakan Stadion Si Jalak Harupat sebagai home base saat mengarungi kompetisi Liga 1 2018. Pasalnya, stadion milik Pemerintah Kabupaten Bandung itu akan direnovasi. Perbaikan yang akan dilakukan itu puin tidak tanggung-tanggung, mulai dari rumput hingga fasilitas stadion. Rencananya, pengerjaan itu akan mulai dilaksanakan pada Senin ( 15 / 1). "" Hari ini terakhir Persib bisa menggunakan Si Jalak Harupat karena besok ( Senin) rumputnya sudah mulai dibongkar, "" kata salah seorang pengelola Si Jalak Harupat, Asep Kustian, Minggu ( 14 / 1). Asep menjelaskan, stadion yang terletak di Soreang tersebut akan direnovasi di beberapa bagian untuk persiapan Asian Games 2018. "" Kalau dalam suratnya sih harusnya hari ini sudah mulai dibongkar, tapi karena belum [ ada perintah] makanya masih bisa dipakai latihan Persib, "" ucap dia. Selain rumput, beberapa fasilitas stadion yang akan diperbaiki adalah tribune dan ruang ganti pemain. Renovasi ditargetkan selesai pada Mei 2018 mendatang. Mengingat ajang Asian Games sendiri akan berlangsung pada Agustus 2018. "" Intinya dipercantik, rumputnya jadi lebih bagus, ruang ganti nantinya pemain punya loker sendiri, satu kursi satu loker. Tempat duduk juga diperbaiki, "" Asep menjelaskan. Dengan kondisi itu, Persib pun terancam tidak bisa menggunakan Stadion Gelora Bandung Lautan Api ( GBLA). Karena, stadion yang berkapasitas 38 ribu tempat duduk itu juga bakal menjadi salah satu venue Asian Games. Sebelumnya klub berjuluk Maung Bandung itu sempat dikabarkan terancam menjadi tuan rumah Grup A Piala Presiden 2018, namun akhirnya Persib bisa menggunakan Stadion GBLA. Untuk Asian Games 2018 rencanannya akan menggunakan lima stadion sebagai venue pertandingan sepak bola putra dan putri. Kelima stadion yang digunakan nanti antara lain, Stadion Patriot Chandrabhaga ( Bekasi), Stadion Wibawa Mukti ( Cikarang), Stadion Pakansari ( Kabupaten Bogor), Stadion GBLA, dan Stadion Si Jalak Harupat ( Bandung). ( hyg / sry)","Persib Bandung dipastikan tidak bisa menggunakan Stadion Si Jalak Harupat sebagai home base saat mengarungi kompetisi Liga 1 2018. Pasalnya, stadion milik Pemerintah Kabupaten Bandung itu akan direnovasi. Perbaikan yang akan dilakukan itu puin tidak tanggung-tanggung, mulai dari rumput hingga fasilitas stadion. Rencananya, pengerjaan itu akan mulai dilaksanakan pada Senin ( 15 / 1). Stadion akan direnovasi untuk persiapan Asian Games 2018.",301,62,0.206,18
1479337228-lorenzo-dan-ducati-saling-mengalah,olahraga,cnn indonesia,"Jakarta, CNN Indonesia - - Manajer Ducati, Gigi Dall'Igna menyebut baik Jorge Lorenzo maupun Ducati akan sama-sama beradaptasi satu sama lain dalam menyambut musim 2017. Lorenzo bakal mendapatkan atmosfer baru dalam perjalanan kariernya di dunia MotoGP setelah memutuskan bergabung dengan Ducati untuk musim balap 2017. Sebelumnya, Lorenzo menghabiskan sembilan musim bersama Yamaha dan meraih tiga titel juara dunia. "" Keduanya ( Ducati dan Lorenzo) harus beradaptasi. Jorge Lorenzo adalah pebalap cerdas dan saya yakin dia akan mengerti bahwa motor yang bakal digunakan setelah ini bakal berbeda dengan motor yang ia tunggangi dalam tahun-tahun sebelumnya di MotoGP, "" ujar Dall'Igna seperti dikutip dari Crash. Menurut Dall'Igna, Lorenzo dan Ducati harus mencari titik temu agar mendapatkan kolaborasi maksimal di musim depan. "" Lorenzo harus mempelajari motor ini terlebih dulu dan melakukan adaptasi terhadap gaya balapnya agar bisa memaksimalkan kekuatan motor ini. "" "" Seperti juga kebalikannya, Ducati juga harus memberikan motor terbaik untuknya. Ducati harus mengerti apa yang dibutuhkan Lorenzo untuk melaju dengan cepat dan memberikan motor sesuai keinginannya. Kami harus bekerja sama untuk mencapai target, "" tutur Dall'Igna. Dall'Igna sendiri pernah bekerja sama dengan Lorenzo saat mereka sama-sama masih di Aprilia. "" Saya sudah memiliki ide untuknya karena saya memahaminya dengan baik. Namun itu sudah lama dan juga terjadi di kelas berbeda. "" "" Jadi terkait perubahan yang mesti kami lakukan tetap harus menunggu tes pertama. Setelah itu barulah mengambil keputusan pertama untuk melakukan perubahan, "" kata Dall'Igna. ( bac)","Manajer Ducati Gigi Dall'Igna menyebutkan bahwa Lorenzo adalah pebalap cerdas dan dirinya yakin bahwa Lorenzo akan mengerti tentang motor yang akan digunakannya berbeda dengan motor yang ia tunggangi dalam tahun-tahun sebelumnya di MotoGP. Lorenzo dan Ducati harus mencari titik temu agar mendapatkan kolaborasi maksimal di musim depan. Sementara itu, Ducati juga harus mengerti apa yang dibutuhkan Lorenzo.",239,57,0.2385,16
1479430236-pemeran-putri-leia-ungkap-hubungan-rahasia-dengan-,showbiz,cnn indonesia,"Jakarta, CNN Indonesia - - Aktris Carrie Fisher, pemeran Princess Leia dalam film Star Wars buka-bukaan dalam buku otobiografinya yang diberi judul ' The Princess Diarist '. Setelah hampir 40 tahun, ia baru mengungkapkan bahwa ada hubungan spesial antara dirinya dan pemeran Han Solo, yakni Harrison Ford. "" Hubungan tersebut sangat intim, "" ungkapnya pada majalah People, seperti dilansir dari CNN, pada Rabu ( 16 / 11). "" Kami adalah Han dan Leia selama hari kerja, dan menjadi Carrie dan Harrison selama akhir pekan, "" tuturnya. Carrie Fisher dan Harrison Ford beradu akting dalam film ikonik Star Wars pada 1976. Keduanya kembali bermain bersama dalam film Star Wars: Force Awaken yang baru dirilis beberapa waktu lalu. Fisher, yang kini berusia 60 tahun, akan meluncurkan buku barunya berdasarkan catatan harian. Berjudul ' The Princess Diarist ', buku tersebut mengungkap apa saja yang dijalani Fisher, termasuk kejadian di balik layar dari film bersejarah, Star Wars pertama. Fisher saat itu berusia 19 tahun ketika didapuk bermain sebagai Putri Leia. Sementara Ford, berusia 33 tahun, adalah suami dari Mary Marquardt, dengan dua orang anak. Dalam tulisannya, Fisher mengungkapkan bahwa ia dan Ford kerap menghabiskan malam bersama usai pesta ulang tahun sutradara George Lucas. "" Saya menatap Harrison. Wajah seorang pahlawan, dengan beberapa helai rambut yang jatuh di dahinya, dan kerutan di keningnya, bagaimana bisa seorang mengabaikan pria yang begitu menarik seperti dia, "" tulisnya. "" Saya sangat tak berpengalaman saat itu, akan tetapi saya menaruh kepercayaan penuh padanya. Ia sangat baik. "" Pengakuan Fisher menimbulkan reaksi publik, khususnya di media sosial. Ada yang shock dan tak sepenuhnya percaya hal tersebut bisa terjadi. Ketidakpercayaan itu beralasan, karena pada Maret lalu, Fisher dalam acara bincang ' The Jonathan Ross Show ' membantah bahwa antara dia dan Ford ada hubungan asmara. Ia mengatakan dirinya memandang Ford sebagai seorang bintang film besar. "" Tak sepenuhnya tertarik pada orang itu, "" ungkapnya. Namun, pengakuan yang ia sampaikan sepertinya telah membantah ucapannya tersebut. ( rah / rah)","Aktris Carrie Fisher, pemeran Princess Leia dalam film Star Wars buka-bukaan dalam buku otobiografinya yang diberi judul The Princess Diarist. Setelah hampir 40 tahun, ia baru mengungkapkan bahwa ada hubungan spesial antara dirinya dan pemeran Han Solo, yakni Harrison Ford. Dilansir majalah People, Carrie mengatakan hubungan tersebut sangat intim, sampai publik pun tak menyangka dengan kabar tersebut yang baru diungkap.",327,60,0.1835,22
1475518534-wali-kota-jaksel-larang-ibadat-jemaah-gbkp-pasar-m,tajuk utama,cnn indonesia,"Jakarta, CNN Indonesia - - Wali Kota Jakarta Selatan Tri Kurniadi melarang warga untuk beribadat di Gereja Batak Karo Protestan ( GBKP) Pasar Minggu, karena tak memiliki izin sebagai rumah ibadat. Hal itu disampaikan Tri dalam surat imbauan Nomor 887 / -1.856.21 bertanggal 30 September 2016. Dalam surat itu disebutkan gereja yang dipakai sebagai tempat ibadat adalah rumah kantor. “ Bahwa kegiatan peribadatan jemaat GBKP Pasar Minggu menggunakan bangunan rumah kantor di RT 014 RW 04 Kelurahan Tanjung Barat Kecamatan Jagakarsa dan tidak memiliki IMB sebagai sarana ibadat, ” demikian Tri dalam surat yang dilansir Detik.com, Minggu ( 2 / 10). Tri menyatakan warga sebenarnya sudah diminta untuk mengurus izin rumah ibadat itu sampai 26 September lalu, namun tak dapat memenuhi persyaratan. Oleh karena itu, dia mengatakan, pihaknya mengimbau untuk menghentikan kegiatan yang berlokasi di RT 014 RW 04 Kelurahan Tanjung Barat, Jagakarsa, Jakarta Selatan itu. Walaupun demikian, Pemerintah Kota Jakarta Selatan berjanji untuk memfasilitasi tersedianya lokasi pembangunan rumah ibadat GBKP tersebut. Tri menyatakan dalam surat tersebut, warga kelurahan Tanjung Barat juga menyatakan penolakannya terhadap kegiatan ibadat tersebut. Tri Kurniadi menyebutkan basis aturan yang dipakai adalah Peraturan Bersama Menteri Agama dan Menteri Dalam Negeri Nomor 9 Tahun 2006/Nomor 8 Tahun 2016 tentang Pedoman Pelaksanaan Tugas Kepala Daerah / Wakil Kepala Daerah dalam Pemeliharaan Kerukunan Umat Beragama. Tak Memberikan Keadilan Terkait dengan hal itu, Wakil Ketua Setara Institute Bonar Naipospos menuturkan peraturan bersama menteri itu secara substantif tidak memberikan keadilan dan kepastian hukum kepada minoritas. Dia menuturkan peraturan itu justru menjadi saringan legal untuk mempersulit pendirian rumah ibadat. “ Alih - alih dioptimalisasi sebagai instrumen kerukunan dan keadilan bagi seluruh umat beragama, peraturan bersama menteri diinstrumentasi sebagai saringan legal untuk mempersulit pendirian rumah ibadat kelompok minoritas, ” kata Bonar dalam keterangannya yang dikutip CNNIndonesia.com. Dia menegaskan pemerintah pusat tampak canggung untuk mengevaluasi regulasi di bawahnya, salah satunya adalah level kementerian. ( asa)","Wali Kota Jakarta Selatan Tri Kurniadi melarang warga untuk beribadat di Gereja Batak Karo Protestan ( GBKP) Pasar Minggu, karena tak memiliki izin sebagai rumah ibadat. Imbauan tersebut disampaikan melalui surat imbauan Nomor 887 / -1.856.21 bertanggal 30 September 2016. Gereja GBKP berada pada bangunan rumah kantor dan bukan sebagai tempat ibadah dalam surat izin bangunannya ( IMB). Pemerintah Kota Jakarta Selatan berjanji memfasilitasi rumah ibadat GBKP.",311,67,0.2154,15
1507145406-pep-guardiola-punya-ambisi-latih-spanyol,olahraga,goal indonesia,"Manajer Manchester City Pep Guardiola membuka diri untuk melatih tim nasional Spanyol di masa depan. Guardiola, 46 tahun, pernah memperkuat Spanyol sebagai pemain antara 1992 dan 2001, dengan yang bersangkutan menjadi bagian dari skuat La Furia Roja di Piala Dunia 1994 dan Euro 2000. Meski kini bahagia bersama City, Guardiola dalam keterangannya kepada Gary Lineker di program acara The Premier Legue Show di BBC tidak memungkiri niatannya untuk menukangi Spanyol Guardiola mengatakan: “ Saya senang untuk berada di sini [ di City]. Ini semua tergantung pada kesuksesan yang Anda miliki. Di klub-klub besar seperti Manchester City, jika Anda tidak menang, Anda tidak bisa bertahan. “ [ Saya sendiri ingin melatih] Spanyol, saya pikir begitu. Saya ingin menjadi manajer di Piala Dunia, Euro. Saya ingin merasakannya. ” Untuk sementara, City arahan Guardiola bersaing ketat dengan Manchester United di puncak klasemen Liga Primer Inggris setelah mengoleksi 19 poin, namun kubu Eastlands berada di urutan pertama lantaran memiliki keunggulan agresivitas gol.","Manajer Manchester City Pep Guardiola membuka diri untuk melatih tim nasional Spanyol di masa depan. Meski kini bahagia bersama City, Guardiola dalam keterangannya kepada Gary Lineker di program acara The Premier Legue Show di BBC tidak memungkiri niatannya untuk menukangi Spanyol. “ [ Saya sendiri ingin melatih] Spanyol, saya pikir begitu. Saya ingin menjadi manajer di Piala Dunia, Euro. Saya ingin merasakannya. ”",158,63,0.3987,10
1517034600-baru-dapat-momongan-kim-kardashian-ingin-punya-ana,showbiz,cnn indonesia,"Jakarta, CNN Indonesia - - Bintang televisi Kim Kardashian baru saja dikaruniai seorang anak perempuan lewat ibu pengganti. Namun kini, ia dan sang suami Kanye West dilaporkan sudah ingin menambah anak lagi, kurang dari dua minggu setelah kelahiran anak ketiganya. Pasangan selebriti itu disebutkan sedang berpikir untuk menambah anggota keluarga lagi lewat bantuan ibu pengganti yang sama. "" Bahkan sebelum Chicago lahir, Kim telah membicarakan dengan ibu pengganti itu untuk mengandung bayi berikutnya, "" kata seorang sumber kepada People. "" Dia sangat senang dengan keseluruhan proses dan senang dengan ibu pengganti itu. Kanye bahkan terikat dengan suami sang ibu pengganti di ruang persalinan, "" tambahnya. Menurut sumber yang sama, Kim memang ingin punya keluarga besar. "" Dia sangat bahagia memiliki lima anggota keluarga. Dia ingin keluarganya bertambah lebih besar, "" katanya. Kanye pun dilaporkan mendukung keinginan Kim itu. Rapper pelantun lagu Famous itu disebut memang sangat mencintai anak-anak dan menginginkan untuk memiliki lebih banyak momongan. Kim dan Kanye telah dikaruniai North ( 4), Saint ( 2) dan seorang anak perempuan bernama Chicago yang lahir pada 15 Januari lalu. "" Kami sangat berterima kasih kepada ibu pengganti kami yang mewujudkan impian kami menjadi nyata dengan hadiah terindah yang diberikan dan kepada dokter serta suster yang luar biasa untuk perawatan khusus mereka, "" ungkap Kim saat kelahiran putri bungsunya. Kim diketahui memutuskan menggunakan ibu pengganti dikarenakan menderita komplikasi pada dua kehamilan sebelumnya, seperti diberitakan Ace Showbiz. ( rsa)","im Kardashian baru saja dikaruniai seorang anak perempuan lewat ibu pengganti. Namun kini, ia dan sang suami Kanye West dilaporkan sudah ingin menambah anak lagi, kurang dari dua minggu setelah kelahiran anak ketiganya. Pasangan selebriti itu disebutkan sedang berpikir untuk menambah anggota keluarga lagi lewat bantuan ibu pengganti yang sama.",236,50,0.2119,15
1489627853-pemerintah-minta-polri-ambil-alih-kasus-sinopec,tajuk utama,antaranews,"Jakarta ( ANTARA News) - Pemerintah melalui Satuan Tugas Pelaksanaan Kebijakan Ekonomi, Kementerian Koordinator Maritim meminta Mabes Polri mengambil alih penanganan kasus dugaan tindak pidana pejabat Sinopec dari Kepolisian Daerah Kepulauan Riau ( Kepri). "" Kami memang meminta Mabes Polri untuk mengambil alih penanganan kasus pidananya dari Polda Kepri. Biar informasinya lebih mudah diperoleh, "" kata Wakil Ketua Pokja IV Satuan Tugas Pelaksanaan Kebijakan Ekonomi, Kementerian Koordinator Maritim, Purbaya Yudhi Sadewa dalam keterangan tertulis di Jakarta, Selasa. Purbaya mengatakan bahwa terhentinya proyek tangki BBM oleh anak usaha Sinopec Group senilai 850 juta dolar AS, yaitu Sinomart KTS Development Limited ( Sinomart) disebabkan oleh dugaan kasus tindak pidana yang dilakukan oleh perwakilan Sinomart di perusahaan patungan ( joint venture). Hal itu juga berakibat perwakilan Sinomart keluar dari Indonesia sehingga rencana investasinya berhenti. "" Ketika kasus ini ditangani oleh Polda Riau membuat investor asing tidak bisa hadir. Ini yang sedang kami cari solusinya, "" kata Purbaya. Pakar hukum pidana Universitas Trisaksi Abdul Fickar Hadjar secara terpisah mengatakan bahwa Pokja IV harus memiliki alasan yang jelas dalam merekomendasikan pengambilalihan kasus yang ditangani Polda Kepri ke Bareskrim Mabes Polri. Menurut dia, rekomendasi yang dilakukan oleh Pojka IV itu pendekatannya lebih pada pendekatan bisnis karena ini terkait dengan investasi. Sebenarnya, kata Fickar, jika terkait dengan penegakan hukum, tidak melulu soal bisnis. "" Penegakan hukum itu tidak melulu menghitung risiko bisnis atau investasi "", "" katanya. Sebelumnya, Polda Kepri menetapkan dua direksi dan satu komisaris utama PT West Point Terminal ( WPT) sebagai tersangka kasus dugaan penggelapan dana perusahaan. PT WPT merupakan perusahaan patungan ( joint venture) antara Sinomart ( 95 persen saham) dan patner lokalnya PT Mas Capital Trust ( MCT / 5 persen saham). Lewat WPT inilah Sinopec Group ingin membangun depo BBM di Batam. Tiga pejabat WPT perwakilan Sinomart tersebut diduga telah melakukan tindak pidana penggelapan dana perusahaan senilai 1,5 juta dolar AS. Terkait dengan kasus ini, Bareskrim Mabes POLRI berdasarkan Surat Pemberitahuan Perkembangan Hasil Penyidikan Perkara ( SP2HP) merekomendasikan untuk menerbitkan "" red notice "" atas tiga warga negara asing ( WNA) di PT WTP itu. Hal itu dilakukan karena tiga WNA tersebut tidak pernah memenuhi panggilan Polda Kepri sejak ditetapkan sebagai tersangka. Untuk menyelesaikan persoalan terkait dengan investasi Sinopec di Batam, kata Fickar, Pokja IV harusnya melakukan pendekatan bisnis, bukan mengintervensi proses hukum penyidikan pidana yang sudah berjalan. Selama ini, kata dia, pengawasan penyidikan sudah ada dalam tubuh Polri sendiri melalui Birowassidik, Propam, dan Inspektorat, termasuk dari eksternal oleh Komisi Kepolisian. ( T.E008/D007)","Pemerintah melalui Satuan Tugas Pelaksanaan Kebijakan Ekonomi, Kementerian Koordinator Maritim meminta Mabes Polri mengambil alih penanganan kasus dugaan tindak pidana pejabat Sinopec. Terhentinya proyek tangki BBM oleh anak usaha Sinopec Group senilai 850 juta dolar AS, yaitu Sinomart disebabkan oleh dugaan kasus tindak pidana yang dilakukan oleh perwakilan Sinomart di perusahaan patungan. Hal itu juga berakibat perwakilan Sinomart keluar dari Indonesia.",412,61,0.1481,20
1500092100-tjahjo-sindir-partai-pendukung-pemerintah-yang-bed,tajuk utama,cnn indonesia,"Jakarta, CNN Indonesia - - Menteri Dalam Negeri Tjahjo Kumolo menyindir partai politik pendukung pemerintah yang kerap mengambil sikap berbeda dengan pemerintah, seperti dalam isu krusial di RUU Penyelenggaraan Pemilu. Dia mempertanyakan etika yang dimiliki partai-partai politik dalam barisan koalisi pemerintahan Presiden Joko Widodo dan Wakil Presiden Jusuf Kalla. Menurut Tjahjo, saat ini semakin banyak parpol yang etikanya tidak jelas dan hanya mengedepankan kepentingan jangka pendek dalam koalisi. Ia mengklaim ada beberapa parpol yang tidak menjalankan tugas sebagai partai koalisi dengan baik hingga saat ini. "" Koalisi pemerintah harusnya semua keputusan politik bisa dilaksanakan, diamankan, diperjuangkan bersama tapi tidak ditinggal lari sendiri di tengah jalan. Harusnya mengedepankan kepentingan pemerintah, masyarakat bangsa dan negara dalam membangun sistem yang konsisten, "" tutur Tjahjo dalam keterangan tertulis kepada wartawan, Jumat ( 14 / 7). Sindiran Tjahjo itu disampaikan menyusul pembahasan Rancangan Undang-Undang Penyelenggaraan Pemilu yang belum kunjung selesai di Dewan Perwakilan Rakyat ( DPR). Lima isu krusial yang saat ini masih belum menemui titik kesepakatan adalah sistem pemilu, ambang batas parlemen ( parliamentary threshold), ambang batas pencalonan presiden ( presidential threshold), alokasi kursi per daerah pemilihan ( dapil), dan metode konversi suara. Kemarin, DPR dan Pemerintah bersepakat membawa lima opsi paket isu krusial RUU Pemilu, dibawa ke dalam rapat paripurna yang digelar 20 Juli mendatang. Sejauh ini, partai-partai koalisi pemerintah yang mendukung keinginan pemerintah dalam pembahasan paket RUU Pemilu adalah PDI Perjuangan, Golkar, NasDem, Hanura dan PPP. Sedangkan dua partai pendukung lainnya, PKB dan PAN berbeda pandangan soal isu krusial. "" Tidak elok berkoalisi tapi menikam dari belakang. Yang saya sampaikan tidak pada masalah RUU Pemilu, berkoalisi dalam konteks yang lebih luas apalagi koalisi politilk dalam pemerintahan, "" katanya. PDIP Arogan Sekjen PDIP, seperti dikutip Detik.com meminta agar PAN berada di luar pemerintahan bila terus berbeda sikap dengan pemerintah. Namun, menurut Ketua DPP PAN Yandri Susanto pernyataan sekjen PDIP itu arogan. "" Katanya ( PDIP) Pancasilais tapi kok arogan. Kami kan hanya mengritik, "" kata Yandri kepada CNNIndonesia. Dia mengatakan, PAN tidak selalu harus sepakat dengan pemerintah. Bila ada kebijakan yang dianggap tidak memihak rakyat, maka PAN akan menolaknya. "" Biar masyarakat yang menilai, kami bekerja untuk rakyat, "" katanya. PAN, kata Yandri menyerahkan sepenuhnya kepada presiden Joko Widodo dan koalisi partai pendukung pemerintah bila ingin mengeluarkan dari koalisi. "" Terserah silakan saja, "" katanya. Dikatakan Yandri, sejak awal, partai berlambang matahari itu, tidak pernah diajak berkomunikasi oleh partai koalisi lainnya. "" Mulai dari Perppu, dan RUU Pemilu kami tidak pernah diajak, "" katanya.","Menteri Dalam Negeri Tjahjo Kumolo menyindir partai politik pendukung pemerintah yang kerap mengambil sikap berbeda dengan pemerintah, seperti dalam isu krusial di RUU Penyelenggaraan Pemilu. Dia mempertanyakan etika yang dimiliki partai-partai politik dalam barisan koalisi pemerintahan Presiden Joko Widodo dan Wakil Presiden Jusuf Kalla. Menurut Tjahjo, saat ini semakin banyak parpol yang etikanya tidak jelas dan mengedepankan kepentingan jangka pendek.",411,60,0.146,25
1518585155-kisah-willy-wonka-menjadi-juragan-cokelat-bakal-ja,showbiz,cnn indonesia,"Jakarta, CNN Indonesia - - Manisnya pabrik coklat milik Willy Wonka akan kembali memanjakan pencinta film. Versi baru dari kisah yang diadaptasi dari buku anak-anak klasik Charlie and the Chocolate Factory karya Roald Dahl itu dilaporkan tengah dalam tahap pengembangan oleh rumah produksi Warner Bros. Sutradara Paul King, yang sebelumnya mengarahkan film Paddington, ditargetkan untuk memegang kendali film tersebut. Entertainment Weekly melaporkan bahwa King saat ini sudah dalam proses negosiasi terakhir untuk mengarahkan versi baru film itu yang dikenal dengan judul ' Willy Wonka '. Jika hal tersebut telah disepakati, maka proyek film ini akan menyatukan kembali King dengan David Heyman, produser film Paddington. Sementara ini, Simon Rich yang pernah menulis The Secret Life of Pets telah didapuk sebagai penulis naskah bersama dengan Michael Siegel. Dan Kevin McCronick menjabat sebagai produser eksekutif. Menurut laporan Ace Showbiz, kisahnya sendiri akan berfokus pada petualangan awal Willy Wonka sebelum kejadian dalam ' Charlie and the Chocolate Factory '. "" Film ini bukan pembuatan ulang, mereka sudah dibuat dalam dua film, dan ini akan sangat beda. Mungkin ini akan berfokus pada cerita asalnya. Kami baru memulai tahap awal dan bekerja dengan seorang penulis bernama Simon Rich, dia hebat, "" kata Heyman beberapa waktu lalu. "" Saya pikir ada banyak karakternya yang menunjukkan siapa dia [ Willy Wonka] dan juga dari mana dia berasal atau berapa umurnya, "" tambahnya. "" Jadi kita menjelajahinya dan sedang mendiskusikannya. Kami berada di tahap awal dan sangat senang dengan apa yang akan kami jalani, "" lanjutnya. Sebelumnya, cerita karangan Dahl itu telah diadaptasi menjadi film sebanyak dua kali, dengan peran Gene Wilder sebagai Willy Wonka pada 1971 dan Johnny Depp pada 2005. Warner Bros berharap film yang akan datang akan menjadi peluang emas atas rencana waralaba baru yang kuat secara artistik. Adaptasi lain dari karya Dahl, "" The Witches "" juga sedang dikerjakan studio itu dengan naskah yang ditulis Guillermo del Toro. Film King, Paddington 2 masih diputar di bioskop di Amerika Utara. Film animasi live - action itu mengikuti kesuksesan film pertamanya dengan mendapat nilai 100 persen dari agregator Rotten Tomatoes. ( end)","Manisnya pabrik coklat milik Willy Wonka akan kembali memanjakan pencinta film. Versi baru dari kisah yang diadaptasi dari buku anak-anak klasik Charlie and the Chocolate Factory karya Roald Dahl itu dilaporkan tengah dalam tahap pengembangan oleh rumah produksi Warner Bros. Sutradara Paul King, yang sebelumnya mengarahkan film Paddington, ditargetkan untuk memegang kendali film tersebut.",345,54,0.1565,20
1495754100-yaya-toure-sumbang-rp-14-miliar-untuk-korban-bom-m,olahraga,rimanews,"Rimanews - Yaya Toure dan agennya, Dimitri Seluk, berjanji menyumbang 100 ribu poundsterling ( setara Rp 1,4 miliar) untuk membantu korban serangan bom di konser Ariana Grande di Manchester Arena, Senin ( 22 / 5 / 2017) malam waktu setempat. Sebanyak 22 orang, termasuk anak-anak, tewas dan setidaknya 59 orang cedera akibat ledakan yang terjadi setelah pukul 22.30 itu. Gelandang Manchester City, Yaya Toure, terpanggil untuk membantu ketika rincian data korban pertama telah diumumkan menurut Sky Sports News HQ. Telah dikonfirmasi bahwa di antara para korban ada seorang anak perempuan bernama Saffie Rose Roussos yang masih berusia delapan tahun. "" Berita mengerikan di Manchester. Pikiran dan doa untuk semua yang terkena dampak, "" demikian cuitan Yaya Toure pada Selasa. Dimitri Seluk sebagai perwakilan Toure kemudian mengatakan kepada Sky Sports: "" Berita seorang anak perempuan berusia delapan tahun pergi melihat penyanyi idolanya dan tidak pulang ke rumah adalah hal terlalu berat untuk ditanggung. "" "" Yaya dan saya ingin membantu, kami berbicara pagi ini tentang apa yang terjadi dan dia bertanya kepada saya apa yang dia pikir bisa kami lakukan, "" lanjut Seluk. "" Kami sepakat menyumbangkan masing-masing 50.000 pound untuk membantu korban kejahatan mengerikan ini. Tidak masalah apakah korbannya berasal dari Manchester atau tidak, "" kata Seluk. "" Kami yang beruntung bisa bekerja setiap hari di sepak bola bisa melakukan ini semua karena kemurahan hati para penggemar dari seluruh dunia, "" katanya. "" Yaya berasal dari Pantai Gading, saya orang Rusia. Tidak masalah. Hari ini adalah kesempatan bagi kita melalui sepak bola untuk membantu, "" tambah dia. "" Anak lelaki saya berusia delapan tahun dan saya tidak dapat membayangkan rasa sakit dan penderitaan yang dialami orang tua Saffie hari ini. "" Selain itu, istri dan dua anak perempuan manajer Manchester City Pep Guardiola ternyata ada di antara 21.000 penggemar dalam konser tersebut, namun semuanya lolos tanpa cedera, demikian Skysports.","Yaya Toure dan agennya, Dimitri Seluk, berjanji menyumbang 100 ribu poundsterling ( setara Rp 1,4 miliar) untuk membantu korban serangan bom di konser Ariana Grande di Manchester Arena, Senin ( 22 / 5 / 2017) malam waktu setempat. Gelandang Manchester City, Yaya Toure, terpanggil untuk membantu ketika rincian data korban pertama telah diumumkan menurut Sky Sports News HQ.",309,58,0.1877,16
1515470400-meski-kalah-cls-knights-indonesia-tetap-dapat-sanj,olahraga,juara.net,"JUARA.NET, SURABAYA - Kekalahan kelima ditelan CLS Knights Indonesia pada ajang ASEAN Basketball League ( ABL) 2017 - 2018. Hasil negatif terkini itu diraih CLS Knights dari wakil China, Chong Son Kung Fu. CLS Knights yang bertindak sebagai tuan rumah dipaksa menelan kekalahan tipis 83 - 86 oleh Chong Son Kung Fu di GOR Kertajaya, Surabaya, Jawa Timur, Sabtu ( 6 / 1 / 2018). Meski kalah, pelatih dan pebasket asing Chong Son Kung Fu tetap memberi pujian terhadap perlawanan yang diberikan CLS Knights Indonesia. Chong Son Kung Fu memang harus bekerja keras untuk mengatasi tim tuan rumah. Setelah sempat saling bergantian memimpin skor, Chong Son Kung Fu akhirnya tampil sebagai pemenang laga. ( Baca Juga: Pebasket ini Rela Pulang ke Tanah Air Demi Ikuti Asian Para Games 2018) "" Gim yang sangat bagus dan luar biasa untuk kedua tim. Saya berikan apresiasi untuk para pemain saya dan tentunya tuan rumah CLS Knights Indonesia, "" ucap pelatih kepala Chong Son Kung Fu, Dube Brais Charles. "" Energi fans mereka luar biasa dan Mario Wuysang serta para pemain CLS Knights lainnya juga tampil gemilang pada gim ini, "" kata Charles lagi. Senada dengan pendapat sang pelatih, small forward Chong Son Kung Fu, Anthony Tucker, juga menilai bahwa laga kontra CLS Knights merupakan salah satu yang terberat dalam hidupnya. Padahal, Tucker mampu menampilkan performa impresif dengan mengemas 22 poin, 10 rebound, dan 8 assist. ( Baca Juga: Andakara Prastawa Jadi Raja Three Point pada IBL Pertalite All - Star 2018) "" Ini merupakan salah satu pertandingan terberat yang pernah saya alami, "" ucap Tucker yang dilansir BolaSport.com dari siaran pers CLS Knights Indonesia. "" CLS Knight memberi perlawanan yang sangat bagus di hadapan suporter fantastis mereka. Kadang, dalam basket, kami butuh keberuntungan dan hari ini keberuntungan ada di pihak kami, "" kata Anthony Tucker lagi. Melalui hasil ini, CLS Knights kini tercatat sudah menelan lima kekalahan dari enam laga yang dilakoni. CLS Knights Indonesia akan kembali melakoni laga ABL musim ini dengan menjamu Singapore Slingers pada 14 Januari 2018 di GOR Kertajaya.","Kekalahan kelima ditelan CLS Knights Indonesia pada ajang ABL 2017 - 2018. Hasil negatif terkini itu diraih CLS Knights dari wakil China, Chong Son Kung Fu. dengan 83 - 86 di GOR Kertajaya, Surabaya, Jawa Timur, Sabtu ( 6 / 1 / 2018). Meski kalah, pelatih dan pebasket asing Chong Son Kung Fu tetap memberi pujian terhadap perlawanan yang diberikan CLS Knights Indonesia.",340,63,0.1853,18
1513407934-pssi-tunjuk-mcmenemy-jadi-pelatih-indonesia-select,olahraga,cnn indonesia,"Jakarta, CNN Indonesia - - Pelatih Bhayangkara FC, Simon McMenemy, ditunjuk menjadi pelatih Indonesia Selection untuk menghadapi timnas Islandia yang rencananya digelar 11 Januari 2018. Khusus untuk laga persahabatan melawan timnas Islandia, Persatuan Sepak Bola Seluruh Indonesia ( PSSI) memang menjadwalkan dua pertandingan. Selain Indonesia Selection, satu laga lainnya diperuntukkan Timnas Indonesia pada 14 Januari 2018. Indonesia Selection sendiri merupakan kumpulan pemain-pemain terbaik Indonesia yang tampil di Liga 1 2017 lalu. Dalam laman resminya, PSSI memiliki alasan tersendiri dengan menunjuk McMenemy sebagai pelatih Indonesia Selection. "" Untuk posisi pelatih, PSSI sudah memilih pelatih klub Bhayangkara FC, Simon McMenemy. Ini sebagai sebuah penghargaan bagi McMenemy yang membawa Bhayangkara FC menjuarai Gojek Traveloka Liga 1 2017, "" demikian pernyataan PSSI. Khusus untuk Indonesia Selection, PSSI juga mengajak suporter Indonesia atau Garuda Fans untuk menentukan 22 pemain. Penentuan pemain itu bisa dipilih dalam polling di situs resmi PSSI. PSSI sendiri sudah memilih 35 pemain untuk disaring menjadi 22 nama yang akan disertakan ke dalam skuat McMenemy. Persija Jakarta dan PSM Makassar menjadi klub penyumbang pemain terbanyak dalam pemungutan suara ini. Tim berjuluk Macan Kemayoran itu diwakili Maman Abdurrahman, Ismed Sofyan, Gunawan Dwi Cahyo, Ramdani Lestaluhu, dan Bambang Pamungkas. Sedangkan PSM menempatkan kiper Rifky Mokodompit, Zulkifli Syukur, Hamka Hamzah, Titus Bonai, dan Ferdinand Sinaga. Sementara, juara Liga 1, Bhayangkara FC hanya diwakili Alfin Tuassalamony dan Firman Utina. Wakil Indonesia di kualifikasi Liga Champions Asia 2018 nanti, Bali United memiliki tiga nama, Muhammad Taufiq, Stefano Lilipaly, dan Irfan Bachdim. "" Penetapan 35 pemain ini berdasarkan performa dan statistik serta kontribusinya untuk tim selama kompetisi Gojek Traveloka Liga 1 musim 2017. Sebagian besar dari daftar pemain ini sudah menjadi langganan di Timnas Indonesia, baik senior ataupun kelompok usia, "" PSSI melanjutkan. Suporter Indonesia juga diajak memilih 11 pemain starter Indonesia Selection. PSSI akan menentukan dua pemenang yang mendapat hadiah tiket pertandingan Timnas Indonesia melawan Timnas Islandia pada 14 Januari 2018. ( har)","Simon McMenemy ditunjuk menjadi pelatih Indonesia Selection untuk menghadapi timnas Islandia yang rencananya digelar 11 Januari 2018. Dalam laman resminya, PSSI memiliki alasan tersendiri menunjuk McMenemy sebagai pelatih Indonesia Selection. "" Untuk posisi pelatih, PSSI sudah memilih pelatih klub Bhayangkara FC, Simon McMenemy. Ini sebagai sebuah penghargaan bagi McMenemy yang membawa Bhayangkara FC menjuarai Gojek Traveloka Liga 1 2017, "" demikian pernyataan PSSI.",316,63,0.1994,20
1497996000-persija-bakal-jamu-espanyol-di-stadion-patriot,olahraga,cnn indonesia,"Jakarta, CNN Indonesia - - Indonesia bakal kedatangan klub dari La Liga Spanyol, Espanyol, pada Juli 2017. Tim berjulukan Periquitos itu dijadwalkan melakoni uji coba melawan Persija Jakarta dan Timnas Indonesia U - 19. Hal ini disampaikan Direktur Utama Persija, Gede Widiade. Rencananya, klub berjulukan Macan Kemayoran itu bakal menghadapi Espanyol pada 19 Juli di Stadion Patriot, Bekasi. "" Tadi di kantor sudah kita lakukan negosiasi. Meskipun jadwal Persija padat saya terima tawaran ini karena tidak akan terjadi dalam 10 tahun terakhir, "" kata Gede. Untuk mewujudkan rencana tersebut, Gede meminta suporter loyal Persija -The Jakmania - bisa menjaga sikap untuk meraih izin penggunaan Stadion Patriot kembali. Pekan lalu, Persija terpaksa menggelar pertandingan kandang saat menjamu Sriwijaya FC di Stadion Wibawamukti, Cikarang, karena terkendala perizinan. Pihak kepolisian diduga tidak memberikan rekomendasi keamanan bagi Persija untuk tampil di Stadion Patriot karena kericuhan yang sempat terjadi pada laga Persija kontra Perseru Serui, Selasa ( 13 / 6). "" Main di Patriot ada syaratnya, makanya pada tanggal 8 Juli ( saat melawan Persipura) akan menjadi pertaruhan kita. Di partai itu akan menentukan bisa atau tidaknya menggunakan Patriot di uji coba ( melawan Espanyol), ” ujar Gede. Pengusaha asal Jawa Timur itu juga berharap nantinya Jakmania bisa memeragakan koreografi apik untuk menyambut laga persahabatan melawan klub yang musim lalu finis di posisi delapan La Liga tersebut. “ Saya harapkan Jakmania menampilkan karya kreatif agar dilihat dunia, "" ujarnya. Lima hari sebelum bertemu Persija, Espanyol juga dijadwalkan menghadapi Timnas Indonesia U - 19 asuhan Indra Sjafri. "" Espanyol akan bermain dua kali. Pada 14 Juli, mereka akan bertemu Timnas Indonesia U - 19 di Stadion Gelora Bandung Lautan Api, "" ujar Gede.","Indonesia bakal kedatangan klub dari La Liga Spanyol, Espanyol, pada Juli 2017. Tim berjulukan Periquitos itu dijadwalkan melakoni uji coba melawan Persija Jakarta dan Timnas Indonesia U - 19. Hal ini disampaikan Direktur Utama Persija, Gede Widiade. Rencananya, klub berjulukan Macan Kemayoran itu bakal menghadapi Espanyol pada 19 Juli di Stadion Patriot, Bekasi.",277,53,0.1913,16
1489836619-gadis-usia-11-tahun-jadi-ibu-termuda-di-inggris,tajuk utama,cnn indonesia,"Jakarta, CNN Indonesia - - Seorang gadis akan melahirkan anak di usia 11 tahun, bulan depan. Gadis yang identitasnya sengaja disembunyikan itu, akan menjadi ibu termuda di Inggris. Melansir Mirror, polisi menyebut bahwa ayah dari bayi yang dilahirkan gadis tersebut, usianya hanya terpaut beberapa tahun dari si ibu. “ Detail lebih jauh mengenai kehamilan gadis tersebut tidak bisa dikemukakan ke publik karena alasan hukum, namun kasus ini akan terus kami selidiki, ” ujar juru bicara kepolisian, dikutip Huffington Post. Namun, The Sun melaporkan gadis tersebut tinggal bersama keluarganya di bagian timur Inggris. Di Negara Monarki tersebut, batas usia legal melakukan aktivitas seksual adalah 16 tahun, baik untuk pria maupun wanita. Sebelumnya, ‘ gelar’ ibu termuda di Inggris dipegang oleh Tressa Middleton yang hamil di usia 11 tahun dan melahirkan di usia 12 tahun. Kasusnya mencuat pada 2006 dan sempat menghebohkan dunia. Alasannya karena Middleton memutuskan menyerahkan putrinya untuk adopsi. Saat diwawancarai The Sun, Middleton mengucapkan selamat pada ibu termuda Inggris yang baru. “ Saya mengirimkan ucapan selamat dan pelukan hangat bagi dia. Tapi, itu akan menjadi pengalaman yang sangat berat. Di usia itu, kamu akan sangat khawatir tentang pendapat orang lain di sekolah, ” ujar Middleton yang kini berusia 23 tahun. Adapun, ayah termuda di Inggris hingga saat ini adalah Sean Stewart dari Bedford. Dia menjadi ayah di usia 12 tahun, pada tahun 1998. Sementara mengutip Telegraph, ibu termuda di dunia yang tercatat dalam sejarah adalah Lina Medina dari Peru. Dia melahirkan secara caesar di usia 5 tahun pada tahun 1939. Dokter menyebut Medina memiliki kelainan kelenjar hormon yang membuatnya puber jauh lebih cepat.","Seorang gadis akan melahirkan anak di usia 11 tahun, bulan depan. Gadis yang identitasnya disembunyikan itu, akan menjadi ibu termuda di Inggris. Polisi menyebut bahwa ayah dari bayi yang akan dilahirkan, usianya hanya terpaut beberapa tahun dari si ibu. Di Negara Monarki tersebut, batas usia legal melakukan aktivitas seksual adalah 16 tahun. Sebelumnya, ibu termuda dipegang Tressa Middleton yang melahirkan usia 12 tahun.",264,63,0.2386,18
1483124417-alasan-harga-pangan-organik-lebih-mahal,hiburan,cnn indonesia,"Jakarta, CNN Indonesia - - Salah satu kelebihan dari bahan pangan organik adalah jaminan bebas pestisida. Dengan kata lain tak ada logam berat yang bisa membahayakan tubuh manusia. Makanya banyak orang yang kini mulai mencari bahan pangan organik, sekalipun harga jual mahal. Namun rupanya, harga yang melambung tinggi tersebut bukan lah berasal dari biaya perawatan tanaman. Soal ini, Profesor Anas D. Susila, ahli sayuran dan pertanian organik di Institut Pertanian Bogor ( IPB), menegaskan, "" Perawatan [ tanaman organik] itu lebih murah. Tapi yang membuatnya mahal justru sertifikat organik. "" Anas pun menjelaskan bahwa budidaya organik tergolong murah karena hanya menggunakan pupuk kandang. "" Tapi, "" ia menambahkan, "" untuk memperpanjang sertifikat organik harganya mencapai Rp 12 juta per tahun. "" Harga pangan organik sengaja dibuat mahal juga untuk menyejahterakan para petani sayur. Menurut Anas, setiap satu kilogram kangkung organik yang dijual ke pasar, hanya dihargai Rp 1.000 saja. Sedangkan jika dijual ke supermarket, para petani bisa mendapat keuntungan hingga enam kali lipat. Tentu saja hal tersebut bisa meningkatkan pendapatan petani. Bahkan jika dibandingkan dengan budidaya non - organik, para petani bisa meraup pendapatan yang lebih besar. "" Dalam tiga bulan, petani [ organik] dengan lahan satu hektare bisa mendapat penghasilan Rp 30 juta. Sedangkan kalau tanam padi, misalnya, tiga bulan hanya Rp 10 - 12 juta, "" papar Anis. Karena itu, banyak petani yang pada akhirnya lebih memilih untuk menerapkan budidaya organik. Ia melanjutkan, "" Banyak pula mahasiswa yang belum lulus kuliah mau menjadi petani organik. Selain karena tidak kotor, mereka juga bisa mendapat uang saku tambahan sekitar Rp 5 - 6 juta. "" Namun ia mengingatkan bahwa untuk menjalani budidaya organik tersebut, para petani harus tekun dan tidak terlena dengan penghasilan yang diterima. "" Itu lah masalah para petani, kalau sudah ada uang, tidak mau menanam [ lagi]. "" Selain itu, katanya, "" tujuan penjualan makanan organik ini memang upper market. Sehingga kebijakan dari supermarket memang sesuai harga tersebut, karena dianggap specialty product. "" Namun pangan organik juga bisa diperoleh dengan harga relatif terjangkau. Caranya, membeli secara daring, antara lain lewat Kecipir.com. "" Sayur organik kami tidak lebih mahal dari sayur biasa di pasar modern, "" kata Tantyo Bangun, salah satu co - founder Kecipir. “ Prinsipnya, ” kata Tantyo kepada CNNIndonesia.com, “ Kecipir meringkas rantai distribusi. Ini juga agar nilai tukar petani makin tinggi. Artinya, petani makin sejahtera dan harga di konsumen makin terjangkau. Konsumsi sehat pun makin memasyarakat. ” Lewat Kecipir, pria yang juga menjabat sebagai Chairperson International Animal Rescue ( IAR) Indonesia, ini ingin sayuran lokal dan sehat bebas residu kimia bisa menjadi pendorong untuk generasi yang lebih cerdas sekaligus peduli lingkungan. Kecipir bermitra dengan petani - petani organik berdasarkan rekomendasi kelompok. Untuk menjaga kesegaran pangan organik, dikatakan Tantyo, proses setelah dipanen, disortir, dikemas, diantar ke agen sampai dikonsumsi, tidak lebih dari 24 jam. Soal waktu yang ringkas ini, tentu saja tidak akan tercapai bila anda membeli pangan organik yang diimpor dari luar negeri. Sekalipun pamor, kemasan, promosi produknya mungkin lebih mentereng dibanding produk lokal. Ada pula cara lain mendapatkan pangan organik dengan harga relatif terjangkau. Monique Cashion, ahli nutrisi senior asal Woolworths, Australia, menyarankan untuk membelinya sesuai musim. "" Membeli produk sesuai musim atau masa promosi adalah cara yang lebih efektif dari segi harga bagi pembelanja, termasuk buah-buahan dan sayuran organik, ” kata Monique kepada Huffington Post Australia. ( vga / vga)","Pangan organik telah memiliki jaminan bebas pestisida dan bebas dari logam berat yang bisa membahayakan tubuh manusia sehingga laku dipasaran. Harga pangan organik dipasaran pun terbilang cukup mahal, mengapa? Banyak yang mengira mahalnya harga pangan organik berasal dari harga perawatannya yang cukup mahal, ternyata yang membuatnya mahal justru sertifikat perpanjangan organik yang harganya mencapai Rp 12 juta per tahun.",558,59,0.1057,38
1507428877-jared-leto-akui-tak-pernah-menonton-suicide-squad,showbiz,cnn indonesia,"Jakarta, CNN Indonesia - - Aktor sekaligus musisi Jared Leto mengaku tak pernah menonton film Suicide Squad, meski ia memerankan karakter ikonis Joker dalam film itu. Suicide Squad menuai banyak kritik setelah dirilis pada musim panas tahu lalu. Dalam film itu, Leto beradu akting dengan bintang lainnya, termasuk Margot Robbie dan Will Smith. Para kritikus menyebut bahwa Joker yang diperankan Leto kurang dieksplor dalam film ini. Kini, kepada Syfy, Leto mengaku bahwa dia tidak pernah menonton film - film yang ia bintangi. “ Setelah Anda menontonnya, maka di saat itulah Anda menjadi subjektif, ” ujar Leto. Saat ditanya apakah ia juga tidak pernah menyaksikan Suicide Squad, Leto menjawab, “ Tidak, tidak pernah. ” “ Saya hanya berpikir, dengan menonton film Anda sendiri, maka itu bisa menjadi sangat canggung pada sebuah proses. Anda bisa menyukai apa yang Anda lakukan dan cenderung akan mengulanginya, atau Anda tidak menyukainya dan itu bisa membuat Anda canggung. ” Pria yang merupakan pentolan band 30 Seconds To Mars ini menyimpulkan, “ Saya tidak yakin dengan berapa banyak keuntungan yang ada untuk saya [ dengan menonton film itu]. Namun saya membaca skripnya, jadi saya tahu apa yang akan terjadi. ” Melansir NME, pada awal tahun ini, Leto menolak untuk mengonfirmasi soal kemungkinan dia akan kembali memerankan Joker di sekuel Suicide Squad yang bakal segera digarap.","Aktor sekaligus musisi Jared Leto mengaku tak pernah menonton film Suicide Squad, meski ia memerankan karakter ikonis Joker dalam film itu. Kepada Syfy, Leto mengaku bahwa dia tidak pernah menonton film - film yang ia bintangi. Pria yang juga merupakan pentolan band 30 Seconds To Mars ini menyimpulkan, bahwa dirinya tidak yakin dengan keuntungan yang ada untuk dirinya dengan menonton film dirinya.",218,62,0.2844,12
1513756800-tanamduit-tawarkan-investasi-untuk-perencanaan-keu,teknologi,dailysocial.id,"Platform reksa dana online Tanamduit, produk dari PT Star Mercato Capitale, melakukan soft launching untuk memperkenalkan layanannya ke publik. Peluncuran resmi akan dilakukan pada Februari 2018, sekaligus meluncurkan aplikasinya. Untuk sementara, Tanamduit baru bisa diakses via web, baik di desktop maupun mobile. Perusahaan ini telah berdiri sejak tahun lalu dan mengantongi izin sebagai agen penjual efek reksa dana ( APERD) dari OJK. “ Yang berbeda dengan pemain lainnya, Tanamduit didesain sedemikian rupa agar nasabah bisa melihat dan memonitor langsung pertumbuhan investasinya secara langsung. Dengan begitu, nasabah akan merasa terdorong dan terbantu dalam mewujudkan mimpinya di masa depan, ” terang CEO Tanamduit Rini Hapsari, Senin ( 18 / 12). Rini melanjutkan fitur lainnya yang membedakan Tanamduit dengan platform reksa dana online lainnya adalah rekomendasi produk yang disesuaikan dengan profil risiko nasabah dan impian yang ingin disasar nasabah. Tujuan yang ingin disasar adalah menjadikan nasabah sebagai investor yang aktif berinvestasi secara rutin. Dari segi pengadaan produk reksa dana yang dijual dalam Tanamduit pun tidak akan masif, malah akan selektif menjual produk. Tanamduit memilih produk reksa dana dengan rekam jejak yang terbukti baik dan unik. Untuk sementara Tanamduit bermitra dengan empat produk dari tiga perusahaan manajer investasi. Mereka adalah Mandiri Investasi, Bahana TCW Investment, dan Batavia Prosperindo. Direktur Tanamduit Muhammad Hanif menambahkan sampai akhir ini pihaknya akan menambah kemitraan dengan tiga sampai empat perusahaan manajer investasi lainnya. Beberapa nama di antaranya yang sedang berlangsung adalah Manulife Asset Management, BNP Paribas, Trimegah Asset Management, dan Avrist Asset Management. Hanif yang sebelumnya menjabat sebagai Presdir Mandiri Investasi menambahkan tantangan terbesar yang ingin dilakukan perusahaan untuk meningkatkan jumlah investor ritel. Investor ritel reksa dana di Indonesia disebutkan masih mencapai 600 ribu dari total penduduk. Menurutnya solusi yang perlu dilakukan adalah melakukan edukasi yang gencar. Perusahaan memilih untuk edukasi nasabah dengan menggunakan media visual. “ Nanti akan ada banyak video yang kami buat untuk edukasi nasabah, bagaimana memahami apa itu reksa dana, bagaimana menggunakan reksa dana untuk memperoleh impian di masa depan. ” Biaya yang harus dikeluarkan perusahaan untuk melakukan edukasi ini menjadi salah satu pertimbangan Tanamduit mencari investor baru. Hanif mengaku saat ini Tanamduit masih melakukan beauty contest terkait hal tersebut, sehingga belum dipastikan kapan akan diumumkan. Diungkapkan pula, baru-baru ini Tanamduit kedatangan investor baru berasal dari perusahaan ritel dengan identitas yang dirahasiakan. Investor ini masuk ke Tanamduit melalui pelepasan saham baru sebesar 10 %. Terhitung saat ini Tanamduit memiliki lima investor dalam struktur perusahaannya. Ditargetkan sampai akhir tahun depan, Tanamduit dapat menjangkau 20 ribu investor aktif dan 70 ribu untuk total unduhan aplikasinya. Selain Tanamduit, platform reksa dana online lainnya yang sudah mengantongi izin dari OJK adalah Bareksa, XDana, dan Invisee. DailySocial.id adalah portal berita startup dan inovasi teknologi. Kamu bisa menjadi member komunitas startup dan inovasi DailySocial.id, mengunduh laporan riset dan statistik seputar teknologi secara cuma-cuma, dan mengikuti berita startup Indonesia dan gadget terbaru.","Platform reksadana online Tanamduit, produk dari PT Star Mercato Capitale, melakukan soft launching untuk memperkenalkan layanannya ke publik. Peluncuran resmi akan dilakukan pada Februari 2018, sekaligus meluncurkan aplikasinya. Untuk sementara, Tanamduit baru bisa diakses via web, baik di desktop maupun mobile. Perusahaan ini telah berdiri sejak tahun lalu dan mengantongi izin sebagai agen penjual efek reksa dana ( APERD) dari OJK.",470,61,0.1298,28
1476259211-menyiasati-kamar-sempit-dengan-perabot-multifungsi,hiburan,cnn indonesia,"Jakarta, CNN Indonesia - - Kamar tidur bukan sekadar ruangan untuk berbaring dan beristirahat saja. Kamar tidur kini juga menjadi area pribadi tempat Anda bisa menikmati waktu istirahat dan menenangkan diri. Kamar tidur kini menjadi sebuah rumah kecil untuk diri Anda sendiri. Bukan cuma tempat tidur dan lemari baju saja yang diletakkan di dalam kamar, tapi beragam perlengkapan lain yang bisa memudahkan hidup Anda. "" Sekarang ini tema minimalis memang tengah disukai kaum urban. Bukan cuma untuk rumah tapi juga kamar tidur, "" kata Harianus Zebua, Head of Corporate and Marketing Communication Orang Tua Grup yang memegang lisensi merek ritel furnitur Jysk kepada CNNIndonesia.com beberapa waktu lalu. "" Sekarang ini ada perubahan gaya untuk menata rumah dan kamar tidur. Dulu orang lebih suka yang klasik, lalu berubah ke modern, dan sekarang lebih ke minimalis. "" Tak dimungkiri, kini kapasitas ruang di rumah memang lebih terbatas. Konsep dekorasi minimalis ini kemudian berkembang untuk menyiasati ukuran ruang yang terbatas dan sempit agar tetap nyaman ditinggali. "" Apalagi untuk orang dengan usia 23 - 45 tahun, mereka adalah seorang first timer punya rumah atau apartemen. Rumahnya kecil, tapi ingin punya banyak benda indah di rumahnya. "" Melihat tren dekorasi minimalis ini, ritel Jysk yang berpusat di Denmark ini mencoba menguasai pasar dengan berbagai perabot yang diklaim multifungsi namun minimalis. Salah satu contohnya adalah meja yang bisa berfungsi ganda. "" Meja tersebut bisa jadi meja makan, kemudian kalau dilipat bisa jadi meja kopi, dan dilipat lagi bisa jadi meja di samping tempat tidur. Konsep - konsep multifungsi seperti inilah yang banyak diinginkan, karena tak menghabiskan banyak tempat tapi fungsinya bisa banyak, "" ucapnya. Selain itu, beragam perabot fungsional lain misalnya sofa yang bisa diubah menjadi tempat tidur ukuran single, tempat tidur yang bisa dilipat, sampai ranjang susun yang menyatu dengan lemari. Harianus menambahkan, meski saat ini preferensi mereka memilih perabot rumah tangga dan kamar tidur adalah kebutuhan, namun ukuran dan bentuk juga menjadi pertimbangan. Kaum urban cenderung lebih suka perabot dengan bentuk compact, ukuran kecil, multifungsi, namun tetap stylist. Tak lupa, meski butuh perabot fungsional, mereka juga menginginkan semua kenyamanan ada di dalam ruangan pribadinya. Untuk beberapa hal, kata dia, ada perabot - perabot yang tak minimalis tapi masih bisa ' termaafkan ' untuk dimiliki, misalnya selimut yang hangat dan nyaman. "" Spesialisasi Jysk sendiri sebenarnya ada pada duvet, yaitu selimut tebal berisi bulu angsa. Ini memang andalan karena kerajaan Denmark juga memakai produk ini. Sekalipun Indonesia tak ada musim dingin, tapi banyak yang suka, "" ujar Harianus. "" Biar bagaimana pun juga, pemilihan furnitur di rumah dan di kamar tidur itu menggambarkan kepribadian si pemilik, jadi sudah pasti mereka akan pilih yang sesuai dengan mereka. "" ( chs)","Konsep minimalis yang berkembang untuk menyiasati ruang terbatas dan sempit agar tetap nyaman ditinggali, tengah disukai kaum urban. Ritel Jysk memanfaatkan peluang ini dengan meluncurkan perabot multifungsi namun minimalis. Salah satunya adalah meja yang bisa berfungsi sebagai meja makan, meja kopi, dan meja di samping tempat tidur. Kaum urban cenderung lebih suka perabot dengan bentuk compact, ukuran kecil, multifungsi, namun tetap stylist.",445,62,0.1393,26
1505327400-komisi-iii-dpr-susun-ruu-penyadapan,tajuk utama,antaranews,"Jakarta ( ANTARA News) - Komisi III DPR akan menyusun Rancangan Undang-Undang tentang Tata Cara Penyadapan mengacu pada Putusan Mahkamah Konstitusi pada 2011 yang menyatakan pembatasan hak asasi manusia melalui penyadapan harus diatur dengan undang-undang untuk menghindari penyalahgunaan wewenang yang melanggar HAM. "" Komisi III DPR akan ambil inisiatif untuk membuat RUU tentang Tata Cara Penyadapan sebagai inisiatif DPR karena berdasarkan keputusan MK bahwa penyadapan itu harus diatur dengan UU sendiri, "" kata Ketua Komisi III DPR Bambang Soesatyo usai Rapat Kerja Komisi III DPR dengan KPK di Jakarta, Selasa. Ia menjelaskan tentang mengapa tata cara penyadapan harus diatur melalui UU karena tidak hanya dilakukan KPK namun di berbagai lembaga negara juga melakukannnya, seperti Badan Intelijen Negara ( BIN), Badan Narkotika Nasional ( BNN), dan Badan Nasional Penanggulangan Terorisme ( BNPT). Namun, dia mengatakan memang hanya KPK yang tidak membutuhkan izin ketika ingin menyadap dan BIN tidak perlu izin namun bukan untuk kepentingan pro justisia. "" Komisi III DPR sudah menunjuk Arsul Sani dari Fraksi PPP sebagai penanggung jawab penyusunan RUU tersebut dan segera memulai melaksanakan dan mengundang berbagai pendapat akademisi untuk penyusunan RUU tersebut karena penyadapan bukan hanya hak KPK, "" ujarnya. Politikus Partai Golkar itu mengatakan apabila RUU tentang Tata Cara Penyadapan telah disahkan menjadi UU, maka KPK harus mengikuti aturan tersebut. Dia mengatakan penyusunan RUU itu akan melibatkan berbagai pihak, seperti pemerintah, KPK, kejaksaan, kepolisian, BIN, BNPT, dan BNN. "" Kemungkinan akhir tahun ini baru tergambar drafnya dan tahun 2018 baru bisa berjalan pembahasannya. Namun, kami targetkan di DPR periode 2014 - 2019, RUU tersebut selesai, "" ujarnya.","Komisi III DPR akan menyusun Rancangan Undang-Undang tentang Tata Cara Penyadapan mengacu pada Putusan Mahkamah Konstitusi pada 2011 yang menyatakan pembatasan hak asasi manusia melalui penyadapan harus diatur dengan undang-undang untuk menghindari penyalahgunaan wewenang yang melanggar HAM. Ketua Komisi III DPR Bambang Soesatyo mengatakan penyusunan RUU itu akan melibatkan berbagai pihak, seperti pemerintah, KPK, kejaksaan, kepolisian, BIN, BNPT, dan BNN.",261,60,0.2299,9
1502298600-manajer-persib-sempat-ragukan-postur-ndouasse,olahraga,cnn indonesia,"Jakarta, CNN Indonesia - - Manajer Persib Umuh Muchtar berharap kedatangan Ezechiel N'Douassel bisa membangkitkan performa Maung Bandung di putaran kedua Liga 1 Indonesia 2017 ini. Umuh mengungkapkan bahwa melihat rekam jejaknya, Ezechiel N'Douassel cukup menjanjikan meski secara postur ia menilai agak kurang meyakinkan. Tercatat Ezechiel N'Douassel merupakan pemain Timnas Chad. Selain itu, ia juga lama malang melintang dikompetisi Afrika dan Eropa. Pengalaman tersebut yang membuat Umuh berharap agar saat di Persib, ia bisa menjadi juru gedor produktif Maung Bandung. "" Dia sebagai kapten Timnas terakhir pernah main di Israel, Alhamdulillah mudah-mudahan saja ( bagus). "" Kalau dilihat ( postur) tidak meyakinkan, seperti Cole, tapi mudah-mudahan ini lebih baik. Ini pilihan ( setelah diskusi bersama) jadi tidak saling menyalahkan, "" katanya di Graha Persib, JL Sulanjana, Kota Bandung. Seperti diketahui, N'Douassel memiliki tinggi badan 193 sentimeter. Sosok yang sebetulnya cukup menjulang sebagai striker di kompetisi Indonesia. Terkait kontrak, Umuh mengungkapkan bahwa N'Douassel mendapat durasi kontrak selama satu tahun. Namun, pihaknya masih akan terus melihat perkembangannya selama putaran kedua ini. Kalau memang sesuai dengan harapan, maka ia berpotensi menjadi penggawa Maung Bandung di musim depan. "" Ya dicoba musim ini sampai putaran kedua. Kalau bagus, dilanjutkan. Kita harus optimis ya, "" tegasnya. Masuknya N'Douassel seolah menyiratkan bahwa Persib dipastikan batal merekrut penyerang Brasil yang lama bermain di kompetisi Portugal, Erivelto Emiliano da Silva. Sebelumnya, pemain yang bersangkutan sudah ada di Indonesia. Namun entah karena alasan apa, yang diperkenalkan justru Ezechiel NDouassel. "" Ya itu keputusan manajemen. Dia dikembalikan karena ada hal yang dipertimbangkan, jadi mencari yang lebih baik. ""","Manajer Persib Umuh Muchtar berharap kedatangan Ezechiel N'Douassel bisa membangkitkan performa Persib di putaran kedua Liga 1 Indonesia 2017. Umuh mengungkapkan melihat rekam jejaknya, Ezechiel N'Douassel cukup menjanjikan meski secara postur ia menilai agak kurang meyakinkan. Ezechiel N'Douassel lama malang melintang dikompetisi Afrika dan Eropa. Pengalaman tersebut yang membuat Umuh berharap saat di Persib, ia bisa menjadi striker produktif Persib.",258,60,0.2326,21
1512782967-alpukat-raksasa-seberat-2-kg-ditemukan-di-hawaii,hiburan,cnn indonesia,"Jakarta, CNN Indonesia - - Seorang perempuan di Hawaii tengah berjalan untuk mengambil korannya saat dia menemukan sebuah alpukat yang tak pernah dilihatnya. Jenisnya mungkin alpukat biasa, tapi ukurannya tak biasa. Berbeda dengan alpukat lainnya, alpukat yang ditemukan Pamela Wang, si perempuan Hawaii ini punya ukuran raksasa, yaitu dua kilo untuk satu buahnya. "" Saya melihat alpukat setiap harinya dan saya mengambilnya setiap hari, tapi yang satu ini, sangat sulit untuk dilupakan, "" kata Pamela Wang kepada West Hawaii Today, dikutip dari "" Ini sebesar kepala saya. "" Meski terbilang besar, namun alpukat ini bukanlah alpukat terbesar di dunia. Hanya saja, bisa jadi ini adalah alpukat terberat di dunia. Pada Januari 2009 lalu, Gabriel Ramirez menemukan alpukat dengan berat 1,8 kg di Venezuela. Sampai saat ini, dia memegang gelar untuk alpukat terberat di Guinness World Records. Wang pun mendaftarkan alpukat temuannya ini untuk menggeser tahta alpukat milik Ramirez. Alpukat raksasa ini dinikmati oleh Wang dan 10 orang temannya di sebuah kafe lokal. Karena ukurannya besar, mereka pun bahkan tak bisa menghabiskan walau setengahnya. ( chs / chs)","Seorang perempuan di Hawaii tengah berjalan untuk mengambil korannya saat dia menemukan sebuah alpukat yang tak pernah dilihatnya. Berbeda dengan alpukat lainnya, alpukat yang ditemukan Pamela Wang, si perempuan Hawaii ini punya ukuran dua kilo. Alpukat raksasa ini dinikmati oleh Wang dan 10 orang temannya di sebuah kafe lokal. Karena ukurannya besar, mereka pun bahkan tak bisa menghabiskan walau setengahnya.",177,60,0.339,13
1498863300-ronaldo-diam-seribu-bahasa-soal-masa-depan,olahraga,cnn indonesia,"Jakarta, CNN Indonesia - - Cristiano Ronaldo kembali menyatakan tak akan menanggapi isu masa depan dirinya di Real Madrid seiring dengan merebaknya rumor kepindahan Ronaldo ke klub lain untuk kompetisi musim depan. Ronaldo yang baru saja sukses mengantar Real Madrid meraih trofi La Liga dan Liga Champions mulai diserbu rumor hengkang dari Los Blancos seiring dengan kasus penggelapan pajak yang menyerangnya. Kasus itu dianggap bisa jadi pintu keluar Ronaldo dari tim yang telah dibelanya sejak tahun 2009 tersebut. Sesaat setelah Portugal kalah dari Chile di semifinal Piala Konfederasi, Ronaldo kembali diadang pertanyaan tersebut. “ Saya tak akan berbicara dan tak akan mengakhiri aksi tutup mulut saya, ” kata Ronaldo seperti dikutip dari Goal. Presiden Real Madrid, Florentino Perez sebelumnya mengatakan bahwa Ronaldo cukup kecewa dengan situasi rumit yang ada pada dirinya saat ini. “ Cristiano Ronaldo masih punya kontrak dengan Real Madrid. Saya sendiri belum berbicara dengannya. Dia marah. Ronaldo adalah orang dengan integritas tinggi dan selalu memenuhi tugasnya dengan baik. ” “ Ada banyak orang yang ingin menyakiti Ronaldo dengan isu pajak dan topik lainnya. Ia pun sangat merasakan hal itu, ” tutur Perez. Perez baru akan berbicara dengan Ronaldo setelah sang megabintang kembali dari Piala Konfederasi. “ Saya tak akan mengumbar hal-hal penting ke media. Satu hal yang pasti adalah menunggu dan berbicara dengan Ronaldo selepas Piala Konfederasi. ” “ Kami bahagia melihat fakta bahwa Ronaldo ada di Madrid. Saya pun sudah berbicara dengan Jorge Mendes tentang isu ini, ” ucap Perez. Ronaldo sendiri baru saja memutuskan untuk tidak ikut ambil bagian dalam perebutan tempat ketiga Piala Konfederasi lantaran anak kembarnya telah lahir.",Cristiano Ronaldo kembali menyatakan tak akan menanggapi isu masa depan dirinya di Real Madrid seiring dengan merebaknya rumor kepindahan Ronaldo ke klub lain untuk kompetisi musim depan. Ronaldo yang baru saja sukses mengantar Real Madrid meraih trofi La Liga dan Liga Champions mulai diserbu rumor hengkang dari Los Blancos seiring dengan kasus penggelapan pajak yang menyerangnya.,265,56,0.2113,18
1504229400-eyeliner-berbentuk-pena-bulu-ala-harry-potter,hiburan,kumparan,"Meski ketujuh serial kisah Harry Potter telah lama berakhir, namun euforia dan kecintaan dunia terhadapa karya J.K Rowling ini tak pernah berhenti. Hal ini terlihat dari banyaknya pernak pernik bertema Harry Potter yang terus bermunculan. Mulai dari aksesoris, busana, hingga koleksi makeup ala Harry Potter. Semuanya dihadirkan demi memuaskan kerinduan dan rasa cinta penggemarnya. Salah satu lini kosmetik yang pernah meluncurkan koleksi makeup ala Harry Potter adalah Storybook Cosmetics. Sebelumnya, Storybook telah merilis kuas makeup berbentuk tongkat sihir dan eyeshadow bertema Harry Potter. Jika kamu pernah menyaksikan film Harry Potter, kamu pasti tahu bahwa setiap murid Hogwarts dan penyihir selalu menulis dengan menggunakan pena bulu dan tinta. Mereka akan mencelupkan ujung pena bulu ke dalam tinta agar bisa menulis di atas perkamen. Kini, Storybook kembali hadir dengan merilis eyeliner berbentuk pena bulu ala Harry Potter! Eyeliner ini dibentuk dengan ujung runcing yang persis menyerupai pena bulu pada umumnya. Jadi, kamu bisa membentuk winged eyeliner yang dramatis. Authentic Storybook Cosmetics Quill & Ink ini terdiri dari sebuah ' pena bulu ', tinta, dan kotak cantik berwarna biru. Seluruhnya didesain cantik dan klasik, lengkap dengan ukiran berwarna tembaga. Tertarik untuk memiliki koleksi eyeliner ala Harry Potter ini? Eyeliner ini bisa kamu miliki dengan harga $ 39.00 atau Rp 520 ribuan.","Salah satu lini kosmetik yang pernah meluncurkan koleksi makeup ala Harry Potter adalah Storybook Cosmetics. Setiap murid Hogwarts dan penyihir selalu menulis dengan menggunakan pena bulu dan tinta. Mereka akan mencelupkan ujung pena bulu ke dalam tinta agar bisa menulis di atas perkamen. Kini, Storybook kembali hadir dengan merilis eyeliner berbentuk pena bulu.",208,53,0.2548,15
1504051998-pria-bugil-di-istana-merdeka-positif-konsumsi-sabu,tajuk utama,cnn indonesia,"Jakarta, CNN Indonesia - - Kepala Bidang Humas Polda Metro Jaya Komisaris Besar Argo Yuwono mengatakan pria bugil yang berusaha merangsek ke Istana Merdeka positif mengonsumsi sabu. Hal itu diketahui setelah pihak kepolisian melakukan tes urine berinisial B tersebut. “ Setelah dicek urine ternyata positif sabu. Sehingga hari ini sedang dilakukan pendalaman dan penyidikan, ” kata Argo di Mapolda Metro Jaya, Jakarta Selatan, Selasa ( 29 / 8). Argo menjelaskan, B merupakan sorang pedagang yang stress lantaran barang dagangan tidak laris. Penyidik membuka kemungkinan melakukan tes kejiwaan. “ Penyidik bisa semuanya bisa dilakukan, ” kata Argo. Kemarin ( 28 / 8), seorang pria tanpa busana berusaha menerobos gerbang kompleks Istana Merdeka, Jakarta. Sejumlah aparat TNI dan kepolisian langsung mengamankan pria tersebut dari depan gerbang istana yang berada di seberang Monumen Nasional. Pria bertelanjang bulat itu melakukan aksinya pada pukul 07.30 WIB. Lima petugas Pasukan Pengawal Presiden ( Paspampres) yang mengetahui kejadian itu langsung menindak tegas pria tersebut. Komandan Pasukan Pengaman Presiden ( Danpaspampres) Mayor Jenderal TNI Suhartono mengatakan, pria bugil yang berusaha menerobos gerbang Istana Merdeka bukan penyusup. Pria tanpa busana itu lari dari arah Monumen Nasional. "" Bukan menyusup, tapi ada orang lari telanjang dari arah Monas menyeberang jalan ke arah istana lalu ditangkap anggota Paspampres yang jaga, "" kata Suhartono kepada CNNIndonesia.com. Pria bugil itu tidak membawa identitas apapun. Suhartono menduga pria itu mengalami gangguan jiwa. Hal itu berdasarkan keterangan anggota Paspampres yang menangani kejadian. "" Orang tersebut terindikasi ada gangguan jiwa, namun untuk pendalaman lebih lanjut sudah diserahkan ke Polsek Gambir, "" katanya. ( gil)","Kabid Humas Polda Metro Jaya Komisaris Besar Argo Yuwono mengatakan pria bugil yang berusaha merangsek ke Istana Merdeka positif mengonsumsi sabu. Diketahui setelah pihak kepolisian melakukan tes urine berinisial B tersebut. B merupakan pedagang yang stress lantaran barang dagangan tidak laris. Penyidik membuka kemungkinan melakukan tes kejiwaan. Kemarin ( 28 / 8), seorang pria tanpa busana berusaha menerobos gerbang kompleks Istana Merdeka, Jakarta.",258,63,0.2442,19
1512087300-coworking-space-avenue8-tawarkan-layanan-terbaru,teknologi,dailysocial.id,"Makin meningkatnya popularitas dan penggunaan layanan coworking space oleh startup dan kalangan pekerja lainnya, membuat para penyedia layanan berusaha menyuguhkan berbagai pilihan. Berbagai model pelayanan dan produk dibungkus, sehingga tidak saja menjadikan coworking space hanya sebagai tempat bekerja, tapi lebih dari itu. Rata - rata coworking space yang ada saat ini menawarkan ruang kerja plus kesempatan untuk pengembangan diri, dari ekosistem startup yang disediakan hingga acara - acara seputar kewirausahaan. Di luar itu masih ada yang coba menyajikan konsep lain, salah satunya Avenue8. Terletak di kawasan Menteng, Avenue8 menyuguhkan ruang kerja dengan level kenyamanan sebanding dengan hotel bintang lima ( concierge). Walaupun sebenarnya layanan seperti ini tidak substansial dibutuhkan oleh kalangan pekerja yang membutuhkan coworking space, namun diklaim menjadi yang pertama di Indonesia. Hal ini bisa jadi akan menjadi tren atau standar baru seputar pelayanan ruang kerja virtual tersebut. Fokus pelayanan yang “ tidak biasa ” ini dikatakan pihak Avenue8 sebagai upaya memberikan opsi privasi dan keamanan lebih bagi para penggunanya. Pelayanan concierge inilah ingin dijadikan pembeda antara Avenue8 dan coworking space lainnya, para pengguna Avenue8 akan mendapatkan pelayanan khusus, seperti penyeduhan kopi di pagi hari, pemesanan makanan, pemesanan kendaraan jika ingin ke bandara, bahkan reservasi restoran. Co - founder Avenue8 Catrin Marcellina mengatakan, “ Adanya pertumbuhan startup tersebut membuat Avenue8 hadir untuk menjawab apa yang menjadi kebutuhan para startup di Indonesia. Concierge hotel memegang peranan penting pada pelayanan tamu atau customer dalam keseharian sebuah operasional hotel. Sistem inilah yang kami terapkan di dalam Avenue8 dengan tujuan untuk membantu para pengguna mengatasi hal-hal kecil sehingga mereka dapat sepenuhnya fokus pada pekerjaannya. Kami ingin memberikan yang terbaik dan yang berbeda dari coworking space lainnya. ” Avenue8 saat ini juga telah menjadi bagian dari Loop. Space, memungkinkan para anggotanya mengakses lebih dari 160 coworking space di seluruh dunia. Loop. Space sendiri memang menjadi sebuah portal yang menghubungkan coworking space di seluruh dunia untuk memiliki layanan akses di satu pintu. Sehingga bagi para pekerja traveller bisa memanfaatkan ID sama yang sudah dimiliki di coworking space terdaftar untuk mengakses layanan coworking lainnya. Peran coworking space dalam membangun ekosistem startup Di balik hingar - bingar model pelayanan coworking space yang ada, sejatinya ada hal fundamental yang dapat dioptimalkan dari situ, sejalan dengan proses bisnis yang coba dikembangkan. Yakni untuk membangun ekosistem startup di Indonesia. Selain fasilitas, aksesibilitas merupakan hal yang penting menjadi bagian dari layanan coworking space, terkait akses dengan sumber daya dan komponen pendukung bisnis lainnya. Hal ini penting, startup digital memiliki mode bisnis yang unik sehingga perlu adanya penyampaian informasi dan pemahaman yang maksimal kepada pemainnya. Lantas apakah yang ada saat ini sudah sesuai dengan kriteria tersebut? Sebagian sudah memainkan perannya dengan baik. Mampu menghubungkan antara penggiat startup dan pelaku usaha lain dengan berbagai komponen penting seperti investor. Seiring meluasnya cakupan coworking space sangat diharapkan perannya untuk membangun ekosistem dioptimalkan dengan baik. Saat ekosistem tersebut berdiri kokoh, sebenarnya para pemain coworking sendiri yang juga akan mendapatkan dampak positif. DailySocial.id adalah portal berita startup dan inovasi teknologi. Kamu bisa menjadi member komunitas startup dan inovasi DailySocial.id, mengunduh laporan riset dan statistik seputar teknologi secara cuma-cuma, dan mengikuti berita startup Indonesia dan gadget terbaru.","Avenue8 menyuguhkan ruang kerja dengan level kenyamanan sebanding dengan hotel bintang lima ( concierge). Layanan ini tidak substansial dibutuhkan, namun diklaim menjadi yang pertama di Indonesia. Avenue8 saat ini juga telah menjadi bagian dari Loop. Space, memungkinkan para anggotanya mengakses lebih dari 160 coworking space di seluruh dunia. Loop. Space sendiri memang menjadi sebuah portal yang menghubungkan coworking space di seluruh dunia.",519,62,0.1195,28
1505968355-istri-gilang-dirga-rayakan-satu-tahun-pernikahan-d,showbiz,kumparan,"Satu tahun sudah presenter Gilang Dirga dan Adiezty Fersa menjadi pasangan suami istri. Pada Senin ( 18 / 9) kemarin, Gilang dan istri merayakan hari jadinya yang pertama. Tak hanya sekadar menggelar pesta perayaan, di hari spesialnya itu, Adiezty membuat single berjudul ' Kini ( Aku Bebas) '. Selain berperan sebagai suami, presenter berusia 28 tahun itu rupanya turut menjadi produser dalam single terbaru sang istri. "" Prosesnya bermula karena gue melihat dia punya potensi sama ini. Dia bisa menyanyi dari mimpi itu jadi timbul ide buat single. Sebelumnya, dia di girlband cuma pada saat itu, persaingan sangat ketat, jadi sekarang girlband -nya bubar gitu aja, "" ucap Gilang di kawasan Kemang, Jakarta Selatan. Setelah melihat potensi yang ada di di dalam diri sang istri, Pemain film ' Rumah Kentang ' ini pun berniat membuat single untuk mantan personil girlband OMG itu. Menurutnya, proses pembuatan single tersebut memakan waktu sekitar 3 bulan. "" Akhirnya gue memiliki inisiatif buat single. Proses sekitar 3 bulan, rekaman bulan puasa sampai pagi, kemudian dari proses 3 bulan jadi single ini beserta video clipnya, "" kata Gilang. Di kesempatan yang sama, Adiezty bersyukur mendapat dukungan dari suami. Presenter ' Dangdut Academy ' itu tak hanya sibuk urus soal proses produksi musik, tapi juga ikut bawel soal olah vokal. "" Awalnya sih takut, aku sempat diomelin, sempat baper sama dia. Waktu nyanyi nadanya salah terus, dan dia bilang, ' dibuka sayang mulutnya '. Terus aku langsung mikir, kayaknya enggak bisa kalau dimarahinnya sama dia. Mending dimarahin sama orang lain, "" cerita Adiez. Meskipun tergolong galak mengajarkan sang istri dalam bernyanyi, Gilang mengaku sangat mendukung karier Adiez di dunia hiburan Tanah Air. "" Support untuk bini gue, kalau bisa seribu persen, gue mau kasih sepuluh ribu persen. Gue tetap lakukan sesuai passion dia, gue akan tetep usaha supaya dia tetap eksis di entertaiment, "" imbuh Gilang. Gilang dan Adiezty merasakan satu tahun menjalani bahtera rumah tangga sebagai proses pendewasaan diri. "" Selama satu tahun menikah yang dirasakan adalah kami romantis - romantisan, ada saling bikin ketawa, ada ngambek - ngambek dan marahan ada. Tapi, emang umurnya masih seumur jagung enggak pantes kita nilai pernikahan kayak apa, "" katanya. "" Tapi kita berdua terus bertahan satu sama lain. Sisi baik kita harus dipertahankan dan diingat ketika ada hal yang bikin kita marah. Intinya apa yang didapat ( selama satu tahun nikah) adalah rasa sayang yang semakin menggebu, "" sambung Gilang.","Satu tahun sudah presenter Gilang Dirga dan Adiezty Fersa menjadi pasangan suami istri. Pada Senin ( 18 / 9) kemarin, Gilang dan istri merayakan hari jadinya yang pertama. Tak hanya sekadar menggelar pesta perayaan, di hari spesialnya itu, Adiezty membuat single berjudul ' Kini ( Aku Bebas) '. Selain berperan sebagai suami, presenter berusia 28 tahun itu rupanya turut menjadi produser dalam single terbaru sang istri.",402,66,0.1642,26
1491038571-airbag-bermasalah-toyota-tarik-29-juta-kendaraan,teknologi,rimanews,"Rimanews - Toyota Motor Corp melakukan penarikan ( recall) sekitar 2,9 juta mobil di Jepang, China, Oseania dan negara lain terkait potensi masalah pada inflators kantung udara ( airbag) Takata. Jenis mobil yang ditarik untuk direparasi adalah Toyota tipe sedan Corolla Axio dan SUV Crossover RAV4. Fuji Heavy Industries yang membuat mobil Subaru, Mitsubishi Motors Corp dan pembuat truk Hino Motors juga melakukan recall dengan total 240.000 kendaraan di pasar domestik akibat masalah inflators yang dibuat Takata. Kantung udara itu dikhawatirkan bisa meledak jika terlalu lama terpapar suhu panas. Setidaknya 16 kasus kematian dikaitkan dengan meledaknya airbag Takata, terutama di Amerika Serikat, yang mendorong recall terbesar dalam industri otomotif global. Otoritas transportasi global menilai kantung udara Takata mengandung senyawa kimia amonium nitrat yang tidak aman sehingga mereka meminta 100 juta unit airbag itu agar ditarik dari pasaran. Para pembuat mobil Jepang mengatakan penarikan baru-baru ini adalah bagian dari recall yang lebih luas sesuai perintah otoritas transportasi global pada tahun lalu. Toyota mengatakan penarikan sekitar 1,16 juta kendaraan yang terjual di Oseania, Timur Tengah dan wilayah dengan pasar terkecil hampir sepertiga dari total kendaraan yang ditarik. Adapun sekitar 750.000 kendaraan di Jepang sudah di - recall. Kendaraan yang dijual di Amerika Utara, sebagai pasar terbesar Toyota, tidak termasuk dalam recall terbaru itu. Di sisi lain, Takata sedang mencari sumber pendanaan guna membayar biaya recall itu, demikian dilansir Reuters.","Toyota Motor Corp melakukan penarikan ( recall) sekitar 2,9 juta mobil di Jepang, China, Oseania dan negara lain terkait potensi masalah pada inflators kantung udara ( airbag) Takata. Jenis mobil yang ditarik untuk direparasi adalah Toyota tipe sedan Corolla Axio dan SUV Crossover RAV4. Fuji Heavy Industries yang membuat mobil Subaru, Mitsubishi Motors Corp dan truk Hino Motors juga melakukan recall total 240.000 kendaraan.",227,64,0.2819,11
1513906834-pendiri-sahid-group-sukamdani-sahid-gitosardjono-m,tajuk utama,kumparan,"Kabar duka datang dari Pendiri Sahid Group, Sukamdani Sahid Gitosardjono. Sukamdani yang juga ayah dari Ketua Umum Asosiasi Pengusaha Indonesia ( Apindo), Hariyadi BS Sukamdani, meninggal dunia pada hari ini, Kamis ( 21 / 12) pukul 09.15 WIB di usia 89 tahun. "" Kabar meninggalnya Sukamdani Sahid Gitosardjono sudah disebar ke Ikatan Alumni Lemhannas dan Kadin Indonesia, "" ungkap pengurus Kadin Indonesia bidang Hubungan Luar Negeri Yono Reksoprodjo kepada kumparan ( kumparan.com), Kamis ( 21 / 12). Menurut informasi, jenazah akan disemayamkan di rumah duka, Jalan Imam Bonjol Nomor 50, Jakarta Pusat. Pemakaman sendiri dilakukan setelah Ashar di Pondok Pesantren Modern Sahid, Jalan Dasuki Bakri Km 6, Kecamatan Pamijahan. Bogor. "" Mohon dimaafkan atas segala kesalahan kekhilafan almarhum dan semoga almarhum husnul khatimah, "" sebutnya.","Kabar duka datang dari Pendiri Sahid Group, Sukamdani Sahid Gitosardjono. Sukamdani yang juga ayah dari Ketua Umum Asosiasi Pengusaha Indonesia ( Apindo), Hariyadi BS Sukamdani, meninggal dunia pada hari ini, Kamis ( 21 / 12) pukul 09.15 WIB di usia 89 tahun. Pemakaman sendiri dilakukan setelah Ashar di Pondok Pesantren Modern Sahid, Jalan Dasuki Bakri Km 6, Kecamatan Pamijahan. Bogor.",125,60,0.48,7
1508576442-sun-life-raup-pendapatan-premi-rp217-t-pada-kuarta,tajuk utama,cnn indonesia,"Jakarta, CNN Indonesia - - Perusahaan asuransi jiwa PT Sun Life Finansial Indonesia memperoleh pendapatan premi per kuartal III 2017 sebesar Rp 2,17 triliun atau tumbuh 21 persen dibandingkan periode yang sama tahun lalu. Presiden Direktur Sun Life Finansial Indonesia Elen Waty mengungkapkan pertumbuhan pendapatan premi itu ditopang oleh berbagai hal. Dari sisi agen, perusahan mulai membesarkan agen syariah. Kemudian, pemasaran produk perusahaan juga sudah mulai masuk ke kota tier 2 dan tier 3. tak hanya itum perusahaan juga memperkuat kerja sama dengan bank ( bancassurance) untuk pemasaran produk baru yang sesuai dengan kebutuhan masyarakat. "" Itu semua yang menopang pertumbuhan pertumbuhan premi kami hingga saat ini, "" tutur Elen di sela gelaran Sun Life Edufair 2017 di Kota Kasablanca, Kamis ( 20 / 10). Selain itu, peningkatan premi juga tak lepas dari integrasi CIMB Sun Life ke Sun Life, akhir 2016 lalu. Seperti diberitakan sebelumnya, integrasi tersebut membuat aset perusahaan bengkak dari semula Rp 6,7 triliun menjadi Rp 9,14 triliun. Hingga kini, porsi terbesar pertumbuhan premi masih berasal dari produk unitlink yang mengambil porsi 80 persen dari total pendapatan atau sekitar Rp 1,7 triliun, tumbuh 25 persen dibandingkan periode yang sama tahun lalu. Sementara, produk asuransi tradisional berkontribusi sebesar Rp 427 miliar terhadap total pendapatan atau tumbuh 5 persen secara tahunan. Seiring tren penurunan suku bunga, Elen menilai produk unitlink bakal lebih diminati masyarakat dibandingkan produk tradisional. Pasalnya, unitlink tidak hanya menawarkan perlindungan asuransi tetapi juga menawarkan alternatif investasi. "" Dengan tren suku bunga [ perbankan] yang turun terus seperti ini, [ produk tradisional] akan menjadi kurang menarik dibandingkan produk unitlink, "" ujarnya. Hingga akhir tahun, Elen optimistis pertumbuhan pendapatan premi bakal lebih kencang dibandingkan tahun lalu. Namun, ia enggan membocorkan target yang ingin dicapai. Berbagai upaya akan dilakukan perusahaan, salah satunya meluncurkan satu jenis produk asuransi baru pada 1 Desember 2017.","Perusahaan asuransi jiwa PT Sun Life Finansial Indonesia memperoleh pendapatan premi per kuartal III 2017 sebesar Rp 2,17 triliun atau tumbuh 21 persen dibandingkan tahun lalu. Presiden Direktur Sun Life Finansial Indonesia Elen Waty mengungkapkan pertumbuhan pendapatan premi itu ditopang oleh berbagai hal. Yakni perusahan mulai membesarkan agen syariah. Pemasaran produk perusahaan mulai masuk ke kota tier 2 dan tier 3.",303,61,0.2013,16
1494630900-catatan-dari-laga-mu-vs-celta-vigo,olahraga,kumparan,"Setelah sukses membendung perlawanan hebat Celta Vigo, Manchester United akhirnya berhak untuk melaju ke partai puncak Liga Europa. Kemenangan 1 - 0 pada leg pertama, ditambah hasil imbang 1 - 1 pada leg kedua, Jumat ( 12 / 5) dini hari WIB, di Old Trafford, membuat "" Setan Merah "" sukses menyusul Ajax yang beberapa menit sebelumnya sudah memastikan kelolosan. Di sini, kami dari kumparan ( kumparan.com) telah mengumpulkan lima hal menarik dari laga Manchester United vs Celta Vigo. Berikut daftarnya: 1) Kans United Samai Rekor Juventus Dalam sejarah persepakbolaan Eropa, hanya ada satu klub yang pernah menjadi juara di ajang Piala Eropa / Liga Champions, Piala Winners, dan Piala Fairs / Piala UEFA / Liga Europa. Klub itu adalah Juventus. Musim ini, Manchester United punya kans untuk menyamai rekor "" Si Nyonya Tua "", setelah sebelumnya, mereka menjuarai Piala Eropa / Liga Champions pada 1968, 1999, dan 2008, serta Piala Winners pada 1991. Nah, bersama Jose Mourinho, Manchester United sebenarnya punya kans bagus untuk meraih hal itu. Pasalnya, Jose Mourinho pernah punya pengalaman serupa saat membesut Porto. Pada musim perdananya bersama Porto, Mou pun berhasil membawa mereka lolos ke final dan akhirnya menjadi juara. 2) Lagi - lagi Marcus Rashford Masa depan United sudah jelas. Mereka tidak punya pilihan lain selain membangun tim di sekeliling Marcus Rashford. Pasalnya, pemain satu ini memang benar-benar punya potensi luar biasa. Setelah mencetak gol di pertandingan pertama, Rashford pun kembali berkontribusi atas tercipatany gol United pada pertandingan ini. Umpan lambungnya yang akurat berhasil disambut dengan sundulan kepala oleh Marouane Fellaini. 3) Theatre of Draws Di Premier League, Manchester United adalah rajanya imbang, terutama ketika bermain di depan publik sendiri. Namun, ceritanya agak lain di Liga Europa. Dari enam laga yang telah mereka lakoni sebelumnya, United selalu menang. Baru kali inilah "" tuah "" Old Trafford sebagai Theatre of Draws kembali menjangkiti. 4) Tanpa Eric Bailly di Partai Puncak Eric Bailly boleh jadi menjalani musim yang cukup menyenangkan untuk ukuran pemain debutan. Namun, ada satu hal yang membuat catatan apik itu ternoda, yakni soal kedisiplinan, khususnya di Liga Europa. Kartu merah yang diterima Bailly pada laga melawan Celta ini adalah yang kedua kalinya bagi pemain asal Pantai Gading itu musim ini. Selain merupakan jumlah terbanyak di antara para pemain lain, kartu merah ini juga merupakan vonis absen bagi Bailly di partai puncak nanti. 5) Celta Layak Pulang dengan Kepala Tegak Celta Vigo baru saja menjalani pertandingan terpenting dalam sejarah mereka. Walau akhirnya harus menemui kegagalan, Celta layak pulang dengan kepala tegak. Pasalnya, penampilan mereka begitu luar biasa pada leg kedua ini. Bahkan, ada beberapa kesempatan di mana mereka seharusnya mampu memenangi pertandingan. Hanya saja, Dewi Fortuna belum mau berpihak pada tim asal Galicia ini. Jika mereka mampu menjaga konsistensi di kompetisi ini, bukan tidak mungkin Dewi Fortuna bakal mendampingi suatu hari nanti.","Setelah sukses menekuk Celta Vigo, Manchester United berhak untuk melaju ke partai puncak Liga Europa. Kemenangan 1 - 0 pada leg pertama, ditambah hasil imbang 1 - 1 pada leg kedua, Jumat ( 12 / 5) dini hari WIB, di Old Trafford, membuat "" Setan Merah "" sukses menyusul Ajax yang beberapa menit sebelumnya sudah memastikan kelolosan. Ini 5 hal menarik dari laga MU vs Celta Vigo. Berikut daftarnya:",468,69,0.1474,34
1499750100-suporter-madura-united-bantu-bobotoh-yang-terkatun,olahraga,merdeka,"Merdeka.com - Sebuah persahabatan dan persaudaraan ditunjukkan suporter Madura United di tengah maraknya insiden kekerasan antar suporter. Salah satu kelompok suporter Madura United, Tretan Dhibi "" dengan sigap membantu tiga orang bobotoh, julukan suporter Persib Bandung, yang terkatung-katung di Madura. Tiga orang suporter Persib ini adalah Fahmi, Rama dan Sarif. Mereka datang ke Madura bersama dengan rombongan bobotoh lainnya untuk mendukung langsung Persib Bandung, kala menghadapi Madura United. Namun, usai pertandingan, mereka terpisah dari rombongan. Mereka juga tak bisa menemukan lokasi bus mereka. Pasalnya, tak semua bus bobotoh bisa masuk ke stadion. Banyak bus yang diparkir di terminal, bahkan sampai meluber ke luar terminal. Fahmi dan kawan-kawan pun tak bisa menghubungi rekan-rekannya yang lain. Pasalnya, ponsel mereka mati. Walhasil, mereka harus menghabiskan malam dengan menginap di terminal. Terkatung - katungnya tiga orang bobotoh ini akhirnya diketahui Tretan Dhibi "". Mereka pun bergerak cepat membantu. Tretan Dhibi "" membelikan tiket bus malam Karina bagi tiga orang bobotoh ini. Selain itu, mereka pun memberi uang saku senilai Rp 250 ribu. "" Ini merupakan bentuk kepedulian kami pada sesama suporter, "" ujar Munadi, salah seorang perwakilan Tretan Dhibi "". Sebelumnya, sekitar dua ribuan bobotoh datang ke Pamekasan untuk mendukung langsung perjuangan Persib Bandung, yang menantang Madura United. Pada laga yang dihelat di Stadion Gelora Pemelingan Pamekasan, Minggu ( 09 / 07), Persib akhirnya harus mengakui keunggulan tuan rumah dengan skor 1 - 3. Sementara itu, aksi Tretan Dhibi "" yang sigap membantu sesama suporter ini mendapat apresiasi tinggi dari Achsanul Qosasi. Presiden klub Madura United tersebut menilai aksi ini sesuai dengan semboyan Madruji ( Madura rukun dan terpuji) yang juga jadi maskot klub ini. "" Indahnya perdamaian suporter. Kami bangga atas sigapnya suporter Madura yang segera mencarikan solusi, "" sanjung pria yang karib disapa AQ tersebut. Foto: Perwakilan Tretan Dhibi "" menyerahkan tiket pada tiga bobotoh yang tertinggal di Madura ( c) Media Officer Madura United. ( den / dzi)","Sebuah persahabatan dan persaudaraan ditunjukkan suporter Madura United di tengah maraknya insiden kekerasan antar suporter. Salah satu kelompok suporter Madura United, Tretan Dhibi "" dengan sigap membantu tiga orang bobotoh, julukan suporter Persib Bandung, yang terkatung-katung di Madura. Fahmi, Rama dan Sarif datang ke Madura bersama dengan rombongan bobotoh lainnya untuk mendukung langsung Persib Bandung, kala menghadapi Madura United.",317,59,0.1861,24
1507877100-omen-by-hp-hurricane-880-015d-tawarkan-aspek-terma,teknologi,dailysocial.id,"Pengetahuan dasar mengenai hardware ialah hal wajib bagi mereka yang ingin menikmati video game di PC. Meski begitu, para produsen telah lama mencoba membuat akses serta penggunaannya lebih simpel dengan menyediakan laptop dan desktop built-up. Dan kedua jenis device gaming ini telah menjadi senjata andalan HP sejak Omen resmi tiba di Indonesia dua bulan silam. Selama dua minggu ini, tim Hewlett - Packard memberikan saya kesempatan untuk menjajal langsung PC desktop Omen by HP. Unit ini memiliki nama model 880 - 015d ber - codename ‘ Hurricane’, menyimpan prosesor i7 - 7700 dan kartu grafis Nvidia GeForce GTX 1060. Perangkat tersebut sedikit berbeda dari unit desktop Omen yang dipamerkan di acara peluncuran perdananya, baik dari aspek desain serta spesifikasi. Omen 880 - 015d merupakan gaming PC VR ready, bisa langsung beroperasi begitu dikeluarkan dari packaging -nya ( HP turut meminjamkan monitor 25er Display karena monitor tua saya tak lagi dapat diandalkan). Kesan yang saya peroleh dari sesi uji coba adalah bagaimana Omen by HP 880 - 015d tampak fokus pada kesederhanaan penggunaan. Sistem juga tersaji ‘ bersih’, tak ada aplikasi-aplikasi yang berpotensi jadi bloatware. Silakan simak ulasan lengkapnya di bawah. Omen by HP 880 - 015d dibungkus dalam kardus hitam besar. Ukurannya mengingatkan saya pada packaging case PC. Namun saat diangkat, ia tidak seberat yang saya kira. Di dalam, HP mengamankan PC dengan busa dan kain hitam, serta telah menyediakan kabel power ( kabel HDMI sendiri dibundel bersama packaging monitor 25er Display). Untuk sekarang, lineup komputer desktop Omen by HP memiliki kiblat desain yang sama. Omen 880 - 015d merupakan sistem gaming mid - tower, ukurannya memang cukup besar, tapi masih tampak elok saat Anda taruh di atas meja kerja. Tubuhnya didominasi warna hitam, memanfaatkan struktur dari logam dipadu plastik di area atas dan depan. PC mempunyai dimensi 44,21×19,2×41,72 - sentimeter dan volume 32 - liter. Bagitu melihatnya, Anda akan langsung tahu bahwa Omen 880 - 015d ialah perangkat spesialis gaming. Tubuhnya dibuat sedikit menekuk ke area depan, lalu grille bergaris diagonal serta pola serat karbon ( bukan karbon sungguhan) di sana memunculkan kesan sporty. Selanjutnya, desainer membubukan logo VoodooPC ( yang kini diusung semua perangkat HP Omen) dengan LED merah didepan, dan mencantumkan lighting serupa pada celah di bawahnya, sehingga menyerupai visor robot. Berbeda dari unit yang pernah HP pajang, Omen 880 - 015d tidak memiliki jendela transparan di sisi kiri sebagai sarana pamer hardware di dalam. Ia juga tak mempunyai pintu untuk mengakses tray hard drive dan SSD – Anda harus melakukannya secara manual. Namun hal tersebut tidak sulit dilakukan, cukup dengan menekan tombol di bagian atas - belakang buat membuka side panel. Meski tidak seringkas notebook ataupun PC desktop dengan form factor yang lebih kecil, beberapa elemen pada Omen 880 - 015d memperlihatkan kesiapannya menunjang kegiatan LAN party. Pertama, tersedia sejumlah port di area kanan - depan yang memudahkan saya mencolokkan bermacam-macam periferal. Selanjutnya, optical disc drive bersembunyi secara vertikal di sisi depan, bisa Anda keluarkan dengan menekan pelat jajar genjang di sebelah kanan logo VoodooPC. Ketiga, HP tak lupa menyediakan celah di atas, yang juga berperan sebagai handle, sehingga Omen 880 - 015d gampang diangkat. Sejumlah port yang diposisikan di kanan - depan secara tak langsung meminta saya untuk meletakkan PC di sebelah kiri monitor, keyboard dan mouse; karena dengan begitu memudahkan saya mengaksesnya. Di sana terdapat card reader 3 - in - 1, sepasang USB 3.0 type - C plus sepasang USB 3.0, dan dua port audio 3,5 mm buat microphone serta headphone. Di sisi belakang, konektivitasnya jauh lebih lengkap lagi, tersedia empat port USB 3.0, sepasang port USB 2.0, port local area network, beserta port - port yang berhubungan dengan grafis – termasuk HDMI, tiga DisplayPort dan satu DVI. Salah satu alasan kenapa saya memuji kesederhaan penyuguhan PC ini adalah tersedianya konektivitas wireless 802.11a / b / g / n / ac dan Bluetooth 4.2 combo MU - MIMO. Tanpa perlu menambah dongle, melakukan instalasi atau mencolokkan kabel LAN; saya bisa segera tersambung ke Wi - Fi dan menggunakan controller game Bluetooth. Unit Omen by HP 880 - 015d yang saya ulas ini mempunyai komposisi hardware sebagai berikut: Beberapa software benchmark saya gunakan untuk menguji kinerja hardwaregaming PC ini, di antaranya 3DMark 11 Performance 1.0, PCMark 10, Cinebench R15, 3DMark Time Spy ( DirectX 12), serta Unigine Valley 1.0 dan Heaven 4.0. Ini dia hasilnya: 3DMark 11 Performance 1.0 menempatkan Omen 880 - 015d di antara kelas gaming PC VR ready dan perangkat gaming 4K. Sistem memperoleh skor 13.474 dan telah divalidasi. Pengujian di PCMark 10 menghasilkan nilai 5.241, yang ( uniknya) mengkategorikan angka tersebut di atas gaming PC 4K. Di Cinebench R15, Intel Core i7 - 7700 di dalam Omen 880 - 015d mencetak skor 885. Lalu dalam pengujian DirectX 12 via 3DMark Time Spy, PC desktop Omen 880 - 015d mendapatkan angka 3.607, memposisikannya di antara sistem VR ready pendukung Rift / Vive dan laptop gaming modern. Sebelum benchmark dilakukan di Unigine Heaven 4.0 dan Valley 1.0, saya memodifikasi beberapa opsi grafis: memindahkan setting kualitas ke ultra, memilih anti - aliasing 8x, dan memasang tessellation di tingkat extreme ( di Heaven 4.0). Di Heaven, PC mengamankan skor 1.426 dengan FPS rata-rata 56,6; lalu di Valley, sistem memperoleh nilai 2.516 dan frame rate per detik rata-rata 60,1. Dalam waktu pengujian selama dua minggu, saya menggunakan Omen 880 - 015d untuk bekerja ( mengetik) sehari-hari dan menjajal kemampuannya dengan tiga game: Titanfall 2, Divinity: Original Sin II, dan Project CARS 2. Hal yang saya apresiasi dari penyajiannya ialah bagaimana Hewlett - Packard menghidangkan sistem ber - OS Windows 10 secara bersih – tanpa ada terlalu banyak app preload yang berpeluang mengonsumsi memori dan penyimpanan.","HP 880 - 015d dengan codename ‘ Hurricane’, menyimpan prosesor i7 - 7700 dan kartu grafis Nvidia GeForce GTX 1060. Omen 880 - 015d merupakan gaming PC VR ready, bisa langsung beroperasi begitu dikeluarkan dari packaging. Omen by HP 880 - 015d tampak fokus pada kesederhanaan penggunaan. Sistem juga tersaji ‘ bersih’, tak ada aplikasi-aplikasi yang berpotensi jadi bloatware.",940,59,0.0628,45
1493146807-kuasa-hukum-mohon-majelis-hakim-bebaskan-ahok,tajuk utama,cnn indonesia,"Jakarta, CNN Indonesia - - Tim kuasa hukum terdakwa kasus dugaan penodaan agama Basuki Tjahaja Purnama ( Ahok) memohon kepada majelis hakim Pengadilan Negeri Jakarta Utara agar membebaskan kliennya. Hal itu disampaikan anggota tim kuasa hukum Ahok, Tommy Sihotang, dalam pledoi atau nota pembelaan kliennya yang ia bacakan dalam persidangan kasus dugaan penodaan agama pada hari ini. Dia meminta majelis hakim untuk mengadili, memutuskan, dan menyatakan Ahok tidak terbukti secara sah bersalah. "" Mohon agar majelis hakim yang mengadili memutuskan untuk menyatakan Ahok tidak terbukti secara sah dan yakinkan bersalah melakukan tindak pidana penodaan agama, "" kata Tommy di Auditorium Kementerian Pertanian, Ragunan, Jakarta Selatan, Selasa ( 25 / 4). Selain itu, dia meminta majelis hakim membebaskan Ahok dari dakwaan pertama Jaksa Penuntut Umum ( JPU). Tommy pun memohon majelis hakim memutuskan untuk pemulihan harkat dan martabat Ahok ke keadaan semula, seperti sebelum adanya kasus dugaan penodaan agama. "" Barang bukti tetap terlampir di berkas perkara dan membebankan biaya kepada negara, "" tutup Tommy. Akibat Buni Yani Dalam kesempatan yang sama, anggota tim kuasa hukum Ahok lainnya, I Wayan Sudirta menyebut nama Buni Yani sebagai penyebab keributan dalam kasus yang akhirnya menjerat Ahok. Dia menyatakan, langkah Buni Yani mengunggah penggalan video pidato Ahok di Kepulauan Seribu dengan disertai keterangan yang dianggap provokatif. Atas video tersebut, sejumlah pihak menuduh Ahok telah menodai agama. "" Sebab sebelum adanya unggahan Buni Yani yang menghilangkan kata pakai dan ditambahi dengan komentar apa pun, tidak ada reaksi, tidak ada komentar, tidak ada keberatan, tidak ada kegaduhan, "" ujar Wayan saat membacakan pleidoi dalam persidangan di Kementerian Pertanian, Jakarta Selatan, Selasa ( 25 / 4). Setelah masyarakat menonton video yang diunggah Buni Yani, lanjutnya, terjadi beberapa aksi demonstrasi. Tak hanya itu, sejumlah orang juga melaporkan Ahok ke polisi atas dasar video tersebut. "" Unggahan Buni Yani - lah yang digunakan sebagai pintu masuk yang melahirkan protes dan tekanan berikutnya, "" ucap dia. Atas dasar itu, Wayan berpendapat bahwa Buni Yani - lah yang harus bertanggungjawab atas kegaduhan tersebut. "" Jelaslah sudah pertanggungjawaban atas segala akibat yang ditimbulkan karena unggahan Buni Yani harus ditanggung oleh dirinya sendiri Buni Yani tidak boleh dibebankan lagi kepada BTP, "" kata Wayan.","Tim kuasa hukum terdakwa kasus dugaan penodaan agama Basuki Tjahaja Purnama memohon kepada majelis hakim PN Jakut agar membebaskan kliennya. Hal itu disampaikan anggota tim kuasa hukum Ahok, Tommy Sihotang, dalam pledoi yang ia bacakan dalam persidangan kasus dugaan penodaan agama pada hari ini. Dia meminta majelis hakim untuk mengadili, memutuskan, dan menyatakan Ahok tidak terbukti secara sah bersalah.",361,59,0.1634,17
1515821453-neymar-diklaim-setuju-ke-real-madrid-dengan-syarat,olahraga,cnn indonesia,"Jakarta, CNN Indonesia - - Bintang Paris Saint - Germain, Neymar, dikabarkan siap bergabung dengan Real Madrid. Namun, mantan penyerang Barcelona itu memiliki sejumlah syarat untuk Presiden Madrid Florentino Perez. Neymar terus dikabarkan akan pindah ke Madrid. Manajemen klub berjuluk Los Blancos itu diberitakan sejumlah media Spanyol sudah melakukan pertemuan awal dengan pihak Neymar. Dikutip dari Marca, sejumlah perwakilan Madrid bertemu dengan Neymar saat pemain asal Brasil itu menjalani liburan paruh musim. Media Spanyol, Don Balon, bahkan mengklaim Neymar telah memberi lampu hijau kepada manajemen Madrid. Tapi, penyerang 25 tahun itu memberi syarat kepada Presiden Madrid, Florentino Perez. Neymar hanya ingin pindah ke Madrid jika sejumlah pemain bintang El Real, terutama Cristiano Ronaldo, sudah meninggalkan Santiago Bernabeu. Neymar tidak ingin berbagi status pemain bintang utama dengan pemain lainnya. Tidak hanya Ronaldo, Neymar juga meminta kepada Perez agar winger asal Wales Gareth Bale dijual. Selain itu, Neymar tidak ingin dilatih Zinedine Zidane di Madrid. Keinginan Neymar kemungkinan besar akan dituruti pihak Madrid. Pasalnya, Ronaldo sudah tidak muda lagi dan akan tidak menguntungkan dari sisi bisnis serta penampilan di atas lapangan dalam beberapa tahun ke depan. Ronaldo bisa ditawarkan ke PSG sebagai salah satu ‘ pancingan’ untuk mendapatkan Neymar. Sementara Bale dalam satu tahun terakhir santer dikabarkan diminati raksasa Liga Primer Inggris, Manchester United. Khusus untuk Zidane, pelatih asal Perancis itu hampir pasti didepak manajemen Madrid setelah mereka terpuruk di La Liga dengan tertinggal 16 poin dari Barcelona. Madrid kini tinggal memastikan pihak PSG untuk mau melepas Neymar, dan itu bukan tugas yang mudah. Pasalnya, Neymar sudah menjadi bagian penting di PSG, baik dari sisi bisnis dan penampilan tim. Hingga paruh musim ini Neymar sudah mencetak 20 gol dan 14 assist bersama PSG. ( bac)","Bintang PSG, Neymar, dikabarkan siap bergabung dengan Real Madrid. Namun, Neymar memiliki sejumlah syarat untuk Presiden Madrid Florentino Perez. Neymar hanya ingin pindah ke Madrid jika sejumlah pemain bintang El Real, yakni Cristiano Ronaldo dan Gareth Bale sudah meninggalkan Santiago Bernabeu. Selain itu, Neymar tidak ingin dilatih Zinedine Zidane di Madrid. Keinginan Neymar kemungkinan besar akan dituruti pihak Madrid.",283,59,0.2085,20
1495216302-raja-swedia-boyong-60-pengusaha-ke-indonesia,tajuk utama,cnn indonesia,"Jakarta, CNN Indonesia - - Raja Swedia Carl XVI Gustaf bersama Ratu Silvia berencana berkunjung ke Indonesia pada 22 - 25 Mei dan bertemu Presiden Joko Widodo di Istana Bogor. Menurut Direktur Eropa II Kementerian Luar Negeri RI Tyas Baskoro Her Witjaksono Adji, kunjungan Raja Carl Gustaf bersama Sang Ratu ke Indonesia nanti terfokus pada penguatan investasi, perdagangan, kerja sama bidang energi baru dan terbarukan, serta riset teknologi antar kedua negara. “ Karena itu, kunjungan Raja Swedia ke Indonesia nanti juga turut membawa delegasi bisnis yang terdiri dari sekitar 60 pengusaha dari 35 perusahaan Swedia, salah satu yang ternama adalah Marcus Wollenberg, ” tutur Witjaksono di Gedung Kemlu, Jakarta, Kamis ( 18 / 5). Menurut Witjaksono, selama 67 tahun hubungan bilateral Jakarta dan Stockholm terjalin, kerja sama ekonomi dan investasi kedua negara terus menguat. Hingga kini, tercatat investasi Swedia yang masuk ke Indonesia telah mencapai US$ 78 miliar. Saat ini, Witjaksono menuturkan, kedua negara masih berupaya menghasilkan sejumlah kesepakatan yang bisa disetujui kedua kepala negara saat pertemuan berlagsung. Salah satunya, tutur dia, perjanjian bebas visa dan kerja sama bidang ekonomi kreatif antar kedua negara. “ Selain kesepakatan government to government, kunjungan Raja Swedia nanti juga bisa membuahkan kesepakatan ekonomi bisnis antara agency to agency, ” ucapnya. Senada dengan Witjaksono, Duta Besar RI untuk Swedia Bagas Hapsoro mengatakan kunjungan Raja Swedia ini menjadi peluang Indonesia untuk menjalin kerja sama yang lebih erat lagi dalam hal ekonomi dan pemajuan riset teknologi. Sebab, Swedia, menurutnya telah menjadi pusat inovasi dunia. Terbukti banyak produk dan teknologi asal negara Skandinavia itu menjadi tren dunia, termasuk di Indonesia seperti Spotify, Skype, teknologi bluetooth, produk furniture IKEA, dan merk baju H&M. “ Kami melihat kalau kesempatan ini bisa memperbanyak job creation bagi jutaan pekerja. Maka penguatan hubungan kedua negara perlu kita gali lagi, ” kata Bagas. Selain Jakarta dan Bogor, Raja Swedia juga direncanakan akan berkunjung ke Center for International Forestry Research atau CIFOR di Bogor. Raja Carl dikenal memiliki ketertarikan dalam bidang pelestarian lingkungan dan sumber daya alam. Kehutanan, keanekaragaman hayati, dan terumbu karang menjadi perhatian sendiri bagi Raja Swedia. Hal itu, tutur Bagas, juga menjadi salah satu magnet bagi Swedia untuk mempererat kerja sama dengan Indonesia. “ Indonesia terkenal dengan kekayaan alam dan keanekaragaman hayatinya. Raja Swedia mempunyai personal attachment dengan pengelolaan lingkungan khususnya kehutanan dan terumbu karang di Indonesia, “ kata Bagas. Kunjungan Raja Carl Gustaf sebagai kepala negara ke Indonesia merupakan yang pertama sejak hubungan diplomatik Jakarta - Stockholm terjalin sekitar 1950 lalu. Bagas mengatakan, isu politik tidak akan dibahas Raja Carl saat bertemu dengan Jokowi. “ Raja adalah simbol negara Swedia dan berada di atas semua golongan. Jadi isu bersifat politik seperti terorisme tidak akan dibahas oleh beliau saat bertemu dengan Presiden Jokowi, ” ujarnya. “ Namun, pembicaran politik tidak menutup kemungkinan akan dibahas antar menteri karena Raja Carl juga akan didampingi menlu dan sekretaris kementerian kesehatan urusan anak dan perempuannya, ” kata Bagas menambahkan.","Raja Swedia Carl XVI Gustaf bersama Ratu Silvia berencana berkunjung ke Indonesia pada 22 - 25 Mei. Menurut Direktur Eropa II Kemenlu RI Tyas Baskoro Her Witjaksono Adji, kunjungan Raja Carl Gustaf terfokus pada penguatan investasi, perdagangan, kerja sama bidang energi baru dan terbarukan, serta riset teknologi. Karena itu, Raja Swedia turut membawa delegasi bisnis yang terdiri dari sekitar 60 pengusaha.",483,61,0.1263,23
1497391200-arda-turan-saya-pemain-bengal-di-turki,olahraga,merdeka,"Merdeka.com - Arda Turan dan manajer Turki, Fatih Terim, belakangan ini terlibat adu argumen di media, usai pemain Barcelona menuding pria 63 tahun berbicara buruk soal dirinya. Turan memutuskan pensiun dari tim nasional pekan lalu usai ia dikabarkan mencoba memukul seorang jurnalis dalam penerbangan bersama skuat Turki, dan tanpa dirinya, tim mampu menang 4 - 1 atas Kosovo. Namun demikian, aksi tak terpuji sang gelandang justru menjadi topik utama di konferensi pers bersama Terim, yang berlangsung kurang lebih selama satu setengah jam. Turan kemudian memberikan pendapatnya soal hal tersebut. "" Pertama - tama: saya sudah pensiun dari timnas. Mengapa semua orang masih berbicara di belakang saya? Saya sudah membuat keputusan cepat karena rekan-rekan saya juga ingin pensiun. Namun saya katakan ke mereka itu bukan hal yang benar, saya bilang ini cuma masalah pribadi, "" tutur Turan di NTV. "" Seumur hidup saya, saya selalu berbicara langsung di depan Terim. Namun ia memilih menggelar konferensi pers. Memang benar bahwa saya bersikap tak disiplin di timnas. Saya sudah jadi pemain yang bengal, namun saya selalu memberikan segalanya. "" "" Fatin terim menyebut saya "" si pemain "" alih-alih nama saya. Saya berterima kasih atas segalanya. Namun saya sudah selesai. Saya berhenti dari apa yang paling saya sukai, yang sulit saya raih selama 30 tahun. Tak bisakah seorang pun menghormati itu? "" ( ntv / rer)","Arda Turan dan manajer Turki, Fatih Terim, belakangan ini terlibat adu argumen di media, usai pemain Barcelona menuding pria 63 tahun berbicara buruk soal dirinya. Turan memutuskan pensiun dari tim nasional pekan lalu usai ia dikabarkan mencoba memukul seorang jurnalis dalam penerbangan bersama skuat Turki, dan tanpa dirinya, tim mampu menang 4 - 1 atas Kosovo.",223,56,0.2511,18
1515712500-seteru-creep-lana-del-rey-vs-radiohead-belum-ke-me,showbiz,cnn indonesia,"Jakarta, CNN Indonesia - - Seteru Lana Del Rey dengan Radiohead belum akan berakhir di meja hijau. Publisis Radiohead membantah bahwa band asal Inggris itu menuntut Del Rey. Sebelumnya, Del Rey mengklaim bahwa Radiohead menuntutnya melalui jalur hukum atas dugaan pelanggaran hak cipta. Itu disebabkan lagu terbarunya, Get Free yang disebut - sebut memiliki kesamaan dengan lagu Creep milik Radiohead. Creep sendiri dirilis pada 1992. Del Rey sempat menyatakan, diskusinya dengan Radiohead belum mencapai kesepakatan, sehingga kemungkinan kasus tersebut berlanjut ke meja hijau. Ia sendiri yakin betul Get Free tidak terinspirasi dari Creep. “ Radiohead merasa begitu [ terinspirasi lagu mereka] dan ingin [ pembagian] 100 persen dari penerbitan, ” ujarnya. Publisis Radiohead membenarkan diskusinya dengan perwakilan Del Rey sudah dilakukan sejak Agustus lalu. “ Sudah jelas bahwa Get Free menggunakan unsur musik yang ditemukan dalam Creep dan kami telah meminta agar ini diakui demi semua penulis lagu Creep, "" kata juru bicara label rekaman Warner / Chappell. Namun, ia meluruskan, “ Tidak ada tuntutan hukum yang diajukan dan Radiohead belum mengatakan mereka ‘ hanya mau menerima 100 persen ' dari perilisan Get Free. ” Sebelumnya Del Rey yang melantunkan Young and Beautiful menuturkan, “ Saya menawarkannya hingga 40 persen beberapa bulan ini, tapi mereka hanya mau menerima 100 persen. Pengacara mereka keras hati, jadi kami menghadapinya di pengadilan. ” Pernyataan itu disampaikan melalui akun Twitter. Seperti diberitakan Pitchfork, dalam sebuah pertunjukan Del Rey pernah membahas bahwa pertempuran hukum antara dirinya dengan Radiohead bisa berdampak dihapusnya Get Free dari album Lust for Life. ( rsa)","Seteru Lana Del Rey dengan Radiohead belum akan berakhir di meja hijau. Publisis Radiohead membantah bahwa band asal Inggris itu menuntut Del Rey. Sebelumnya, Del Rey mengklaim bahwa Radiohead menuntutnya melalui jalur hukum atas dugaan pelanggaran hak cipta. Itu disebabkan lagu terbarunya, Get Free yang disebut - sebut memiliki kesamaan dengan lagu Creep milik Radiohead. Creep sendiri dirilis pada 1992.",255,60,0.2353,15
1494575100-motogp-katalonia-terancam-tanpa-gadis-payung-seksi,olahraga,cnn indonesia,"Jakarta, CNN Indonesia - - Tim - tim MotoGP terancam tidak bisa menggunakan gadis payung dengan pakaian seksi pada balapan GP Katalonia 2017, 11 Juni mendatang. Ancaman itu muncul setelah salah satu partai politik Katalonia, Catalunya Verds ( ICV), mengajukan proposal kepada pemerintah daerah Montmelo. Dikutip dari Motorsport.com, ICV telah mengirim proposal kepada pemda Montmelo tempat di mana Sirkuit Katalonia berada. Dalam proposal tersebut ICV meminta pemda Montmelo untuk melarang penggunaan gadis payung berpakaian seksi di GP Katalonia. Selain melarang penggunaan gadis payung berpakaian seksi, pihak ICV juga meminta adanya penggunaan grid boys. Proposal itu juga berlaku untuk balapan GP Spanyol Formula One ( F1) akhir pekan ini. Untuk bisa menyukseskan proposal tersebut, ICV membutuhkan dukungan setidaknya satu anggota dewan dari partai lain. Selain itu pemda Montmelo juga harus mencapai kesepakatan untuk bisa menghapus gadis payung berpakaian seksi. "" Peran gadis payung di balapan GP Katalonia saat ini tidak pas dengan kehidupan abad ke - 21, dari sebuah masyarakat yang modern dan egaliter, "" ujar anggota partai ICV, Jordi Manils, kepada Cadena Ser Catalunya. Pada balapan GP Spanyol di Sirkuit Jerez, akhir pekan lalu, partai Ganemos Jerez sebenarnya sudah berusaha menekan pihak pemerintah daerah untuk menghapus keberadaan gadis payung. Namun, upaya itu gagal. Musim ini ada empat seri MotoGP yang akan digelar di Spanyol. Selain di Jerez dan Katalonia, balapan juga akan berlangsung di Aragon ( 24 September) dan Valencia ( 12 November).","Tim - tim MotoGP terancam tidak bisa menggunakan gadis payung dengan pakaian seksi pada balapan GP Katalonia 2017, 11 Juni mendatang. Ancaman itu muncul setelah salah satu partai politik Katalonia, Catalunya Verds ( ICV), mengajukan proposal kepada pemerintah daerah Montmelo. Dikutip dari Motorsport.com, ICV telah mengirim proposal kepada pemda Montmelo untuk melarang penggunaan gadis payung berpakaian seksi di GP Katalonia.",233,60,0.2575,13
1477101622-luna-maya-tertarik-jadi-jubir-cagub-dki-yang-mempu,tajuk utama,suara,"Suara.com - Artis Luna Maya mengaku tak tertarik menjadi juru bicara salah satu calon gubernur DKI Jakarta dalam Pilkada Februari 2017 mendatang. "" Saya sih nggak lah. Kalau pun iya harus sesuai pilihan juga, "" kata Luna di kawasan Senopati, Jakarta Selatan, Rabu ( 19 / 10 / 2016). Luna bersedia menjadi tim sukses salah satu calon cagub asal visi dan misi pasangan tersebut sesuai dengan hati nuraninya. "" Aku nggak mau yang cuma asal dibayar, terus tiba-tiba nggak sesuai sama hati nurani, "" tandasnya. Mantan kekasih Ariel "" NOAH "" ini pun belum memutuskan cagub dan cawagub yang bakal dipilih. Namun, tersirat Luna cenderung memilih calon petahana Ahok - Djarot. Dia masih bingung memilih di antara tiga calon pasangan gubernur. Namun, dari pernyataannya, Luna cenderung menjatuhkan pilihannya kepada pasangan petahana Ahok - Djarot. "" Aku masih berfikir yang sekarang dilanjutin aja, "" tutup Luna. Seperti diketahui, sejumlah artis masuk dalam daftar timses tiga pasangan calon gubernur DKI Jakarta. Di kubu Ahok - Djarot ada nama Sophia Latjuba, sedangkan Olla Ramlan digadang - gadang sudah dipinang Anies Baswedan - Sandiaga Uno. Kubu Agus Harimurti - Sylviana sendiri mengusung Desy Ratnasari dan Eko Patrio.","Artis Luna Maya mengaku tak tertarik menjadi juru bicara salah satu calon gubernur DKI Jakarta dalam Pilkada Februari 2017 mendatang bila calon tersebut tidak sesuai dengan pilihannya. Ia mengaku tidak mau dibayar bila visi misi yang diusung calon tidak berdasar hati nurani. Ketika ditanya soal pasangan mana yang ia pilih, ia cenderung akan menjatuhkan pilihan pada pasangan Ahok - Djarot.",193,60,0.3109,13
1516237200-laibox-cam-action-cam-alternatif-gopro-dengan-lens,teknologi,dailysocial.id,"GoPro merupakan merek yang mencetus segmen kamera action, dan menjadi kiblat sekaligus standar produsen lain dalam menggarap perangkat sejenis. Demi menyainginya, para kompetitor menawarkan beragam fitur lebih canggih atau harga lebih terjangkau. Namun karena action cam umumnya mengusung desain padat, fleksibilitas kustomisasi tidak selalu jadi prioritas. Jika sampai sekarang Anda masih mencari alternatif GoPro yang lebih fleksibel, kreasi pemain baru asal Shenzhen ini boleh dijadikan pertimbangan. Sebagai jawaban atas penggunaan lensa fixed wide-angle di berbagai model action cam, sang produsen menawarkan Laibox Cam, yaitu kamera action berkonsep modular dengan lensa interchangeable pertama di dunia, menawarkan proses bongkar pasang lensa yang sangat simpel. Laibox Cam mempunyai tubuh ala balok mungil seperti action camera lain, namun desainnya menyerupai versi mini dari kamera point - and - shoot: dilihat dari sisi belakang, tombol shutter berada di area pojok kanan atas dengan modul lensa di zona yang berlawanan, lalu layar live preview -nya dapat diputar 180 derajat dan di arahkan ke depan, sangat berguna ketika ingin membuat video blog atau ber-selfie. Action cam ini dirancang agar mudah digunakan satu tangan. Semua tombolnya berada di area yang mudah dijangkau jempol dan telunjuk, lalu peralihan dari mode foto ke video juga dapat dilakukan dengan menekan satu tombol saja. Laibox Cam juga dibekali teknologi image stabilization, kemudian Anda bisa memanfaatkan fitur remote control via app mobile buat mengakses fungsi device dari jauh. Laibox Cam menawarkan beragam mode pengambilan gambar dengan menggunakan lensa berbeda, di antaranya ada Full View 720 derajat, Flat Angle, Optical Zoom delapan kali, serta lensa Wide Angle 170 derajat. Cara menukar modul lensa ini sangat mudah, kata produsen ‘ seperti melepas dan menyambung balok Lego’. Perangkat ini menyimpan sensor 14 - megapixel plus lensa 7 G untuk merekam video 4 K di 30 - frame rate per detik, ditambah lagi lensa 13 - megapixel ganda, yang memungkinkannya menangkap lebih banyak detail dan cahaya. Agar Anda tidak melewatkan momen berharga, tim penciptanya turut membekali Laibox Cam dengan fitur baterai hot - swap, memperkenankan kita menukar baterai walaupun kamera sedang bekerja. Baterai internal ekstra 1.100 mAh tersebut mampu menjaga Laibox Cam tetap menyala selama dua jam. Unit baterai dan case -nya sendiri kompatibel dengan punya GoPro Hero 5. Saat ini, Laibox Cam bisa Anda pesan sekarang melalui situs crowdfundingIndie Gogo. Produk dijajakan seharga mulai dari US$ 140, sudah termasuk ongkos kirim. Via The Photoblographer. DailySocial.id adalah portal berita startup dan inovasi teknologi. Kamu bisa menjadi member komunitas startup dan inovasi DailySocial.id, mengunduh laporan riset dan statistik seputar teknologi secara cuma-cuma, dan mengikuti berita startup Indonesia dan gadget terbaru.","Laibox Cam menawarkan beragam mode pengambilan gambar dengan menggunakan lensa berbeda, di antaranya ada Full View 720 derajat, Flat Angle, Optical Zoom delapan kali, serta lensa Wide Angle 170 derajat. Perangkat ini menyimpan sensor 14 - megapixel plus lensa 7 G untuk merekam video 4 K di 30 - frame rate per detik, ditambah lagi lensa 13 - megapixel ganda, yang memungkinkannya menangkap lebih banyak detail dan cahaya.",422,68,0.1611,20
1478804435-kemenpora-minta-bonek-taat-aturan-saat-kongres-pss,tajuk utama,merdeka,"Merdeka.com - Kementerian Pemuda dan Olahraga ( Kemenpora) meminta kepada Bonek agar mematuhi aturan. Hal itu menyusul keputusan PSSI yang menegaskan bahwa Persebaya Surabaya tidak memiliki hak suara pada Kongres Pemilihan di Hotel Mercure Ancol, Jakarta Utara, Kamis ( 10 / 11) besok. Seperti diketahui, ratusan Bonek telah tiba di Ibukota untuk melakukan aksi Gruduk Jakarta Jilid 2, Rabu ( 9 / 11). Selain mengawal kongres yang akan memulihkan status Persebaya, mereka juga sebelumnya menuntut Persebaya untuk memiliki hak suara atau sebagai voter. Namun, PSSI sudah menegaskan tidak bisa melakukan hal itu karena sesuai aturan. Bahwa voter di kongres 10 November berdasarkan voter saat Kongres Surabaya tahun 2015. "" Kalau kami agak ketat memang, kami khawatir apa yang diminta Bonek dalam selembar kertas pernyataan itu diabaikan PSSI karena nanti kami yang akan repot juga, "" ujar Deputi IV Bidang Peningkatan Prestasi Olahraga Kemenpora, Gatot S Dewa Broto usai melakukan pertemuan dengan perwakilan Bonek di Stasiun Senen, Jakarta, Rabu ( 9 / 11). "" Makanya tadi kami sampaikan pada rekan-rekan Bonek jika Persebaya belum punya hak vote, itu wajar karena mekanisme tata tertibnya memang itu. Kalau bukan kita yang mentaati peraturan itu siapa lagi, "" tambahnya. ( fit / asa)","Kementerian Pemuda dan Olahraga ( Kemenpora) meminta kepada Bonek agar mematuhi aturan. Hal itu menyusul keputusan PSSI yang menegaskan bahwa Persebaya Surabaya tidak memiliki hak suara pada Kongres Pemilihan di Hotel Mercure Ancol, Jakarta Utara, Kamis ( 10 / 11). Seperti diketahui, ratusan Bonek telah tiba di Ibukota untuk melakukan aksi Gruduk Jakarta Jilid 2 untuk menuntut Persebaya memiliki hak suara.",199,61,0.3065,10
1502517685-tips-siasati-gelombang-panas-menyengat-saat-berang,hiburan,cnn indonesia,"Jakarta, CNN Indonesia - - Prakiraan cuaca memprediksi temperatur meningkat seiring terjadinya gelombang panas di sejumlah negara, termasuk Arab Saudi. Ini berarti para calon jemaah haji tahun ini akan mendapati panas lebih menyengat dari tahun-tahun sebelumnya. Arab Saudi diketahui memiliki iklim gurun yang ditandai dengan panas ekstrem, dan menyengat di siang hari, diikuti penurunan suhu yang tiba-tiba pada malam hari. Curah hujan tahunan pun hanya sesekali terjadi. Bulan Mei hingga September, sebagian besar kawasan di negara Arab Saudi memiliki suhu rata-rata 42 derajat celcius hingga 50 derajat celcius. Antara Juli dan Agustus justru bahkan lebih panas. Kawasan dekat pantai menyimpan suhu di bawah 38 derajat celcius, tetapi kelembaban ekstrem akan terjadi di malam hari mencapai 85 hingga 100 persen. Menimbang hal itu, ada beberapa hal yang dapat dipersiapkan oleh calon jemaah haji. Dilansir dari berbagai sumber, berikut di antaranya: 1. Payung pelindung Tidak hanya sebagai pelindung di kala hujan, payung pun berfungsi untuk melindungi seseorang dari sengatan matahari. Sinar matahari yang menyengat dinilai tidak boleh langsung mengenai kepala seseorang karena dapat menyebabkan sakit kepala. Payung dapat menjadi penutup kepala dari terpaan sinar tersebut. Selain payung, seseorang juga dimungkinkan untuk menggunakan topi dengan sisi yang lebar. Jika memang tidak kuat dengan panasnya sinar matahari, keduanya dapat langsung digunakan. 2. Kacamata hitam Selain untuk bergaya, kaca mata hitam memang memiliki fungsi yang baik untuk seseorang saat berhadapan dengan matahari. Meskipun bertujuan untuk ibadah tetapi membawa kacamata hitam bukanlah suatu masalah. Sinar matahari yang sangat menyengat dapat membuat seseorang merasa silau untuk melihat sekeliling. Oleh karenanya, setiap calon jemaah haji dianjurkan untuk membawa kacamata hitam. Bukan hal baru jika lotion memang berguna untuk melindungi kulit dari sinar matahari. Teriknya sinar matahari dapat menyebabkan seseorang terkena kanker kulit. Maka itu, penggunaan lotion dibutuhkan sebagai salah satu cara melindungi kulit. Tidak jarang seseorang akan selalu merasa haus saat panas begitu menyengat. Maka itu jangan pernah membiarkan botol air kosong supaya dapat mem buat seseorang terus terhidrasi. Dampak buruk dari panas yang menyengat adalah menimbulkan dehidrasi yang dapat mengakibatkan pingsan. Dehidrasi dapat terjadi jika asupan minuman kurang dan selalu ada cairan yang keluar dari tubuh seperti keringat dan urine. Jika seseorang lupa membawa botol minum, dia dapat minum cairan sebanyak - banyaknya sebelum melakukan aktivitas. Namun, minum air memang sangat diperlukan dan sebaiknya jangan menunggu hingga haus datang. 5. Hindari kopi Untuk menjaga cairan tubuh stabil dan aman, sebaiknya hindari dulu kebiasaan mengkonsumsi kopi. Kafein dalam kandungan kopi dinilai dapat mempercepat kehilangan cairan tubuh dan dehidrasi. 6. Pakai Pakaian nyaman Pergi umrah dan haji memang memiliki pakaian khusus yang harus digunakan. Meski demikian sebaiknya seseorang mau menggunakan pakaian yang cukup longgar dan tidak berat. Biasanya, pakaian yang pas untuk cuaca panas yang ekstrem terbuat dari bahan katun atau linen. Bahan tersebut dapat menyerap keringat dan tidak akan membuat badan kepanasan.","Arab Saudi diketahui memiliki iklim gurun yang ditandai dengan panas ekstrem, dan menyengat di siang hari. Sebagian besar kawasan di negara Arab Saudi memiliki suhu rata-rata 42 derajat celcius hingga 50 derajat celcius. Ada beberapa hal yang dapat dipersiapkan oleh calon jemaah haji, yaitu: payung pelindung, kacamata hitam, pakai losion, banyak minum air putih, hindari kopi, dan pakai pakaian nyaman.",464,60,0.1293,41
1501050600-pembubaran-fpi-isu-lama-yang-terus-diulang,tajuk utama,cnn indonesia,"Jakarta, CNN Indonesia - - Juru bicara Front Pembela Islam Slamet Maarif menyebut wacana pembubaran organisasinya adalah isu lama yang saat ini diulang kembali. Pembubaran FPI saat ini kembali mengemuka seiring dengan diterbitkannya Peraturan Pemerintah Pengganti Undang - undang soal Organisasi Kemasyarakatan. "" Isu lama yang diulang kembali, bosan dengarnya, "" kata Slamet di Jakarta, Selasa ( 25 / 7). Meski menyebut isu lama, namun keberadaan Perppu ormas tetap membuat FPI khawatir. Ormas ini berencana mengajukan uji materi ( judicial review) ke Mahkamah Konstitusi. "" ( Judicial review) Dalam waku dekat, biar bareng sekalian ormas lain, "" ujarnya. Desakan untuk membubarkan FPI melalui Perppu Ormas dilontarkan pengamat politik Boni Hargens beberapa waktu lalu. Menurut dia, jika ormas yang terbukti bertentangan dengan Pancasila harus dibubarkan. Selain menyebut FPI, Boni juga menilai beberapa denominasi atau aliran Kristen seperti sekte Saksi Jehovah dan Laskar Kristus juga dapat dibubarkan karena memaksa orang lain untuk mengikuti keyakinan. Sejauh ini, pakar hukum tata negara Yusril Ihaza Mahendra diketahui telah mengajukan gugatan uji materi Perppu Ormas ke MK. Ia bertindak sebagai koordinator kuasa hukum Hizbut Tahrir Indonesia yang sudah dibubarkan pemerintah pascapenerbitan Perppu. Ketua Umum Partai Bulan Bintang itu mengkritik tindakan pemerintah yang membubarkan HTI tanpa melalui proses peradilan. Bagi Mantan Menteri Kehakiman ini, penerbitan Perppu tersebut dinilai bentuk sewenang-wenang dari pemerintah untuk membubarkan ormas anti - pancasila.","Juru bicara FPI Slamet Maarif menyebut wacana pembubaran organisasinya adalah isu lama yang saat ini diulang kembali. Pembubaran FPI saat ini kembali mengemuka seiring dengan diterbitkannya Peraturan Pemerintah Pengganti Undang - undang soal Ormas. "" Isu lama yang diulang kembali, bosan dengarnya, "" kata Slamet. Meski menyebut isu lama, namun keberadaan Perppu ormas tetap membuat FPI khawatir. Ormas ini berencana mengajukan uji materi ke MK.",221,65,0.2941,13
1495388700-ben-woodburn-masuk-radar-duo-clasico,olahraga,merdeka,"Merdeka.com - Real Madrid dan Barcelona dikabarkan bakal bersaing untuk mendapatkan tanda tangan pemain muda Liverpool, Ben Woodburn, menurut laporan Don Balon. Barca dikabarkan sudah sering mengamati permainan sang striker, usai ia mencatat rekor sebagai pencetak gol termuda di Liverpool di awal musim kompetisi kali ini. Dan belakangan, Madrid dikabarkan juga sudah mengendus talenta pemain yang sama. Bintang Los Blancos, Gareth Bale, bahkan disebut sudah menyarankan timnya untuk segera merekrut pemain berusia 17 tahun tersebut. Masih belum ada kabar yang mengatakan apakah Liverpool bakal menjual Woodburn atau bahkan siap memberinya kontrak baru untuk membuatnya bertahan di Anfield. The Reds sepertinya masih ingin fokus di laga pamungkas mereka di Premier League melawan Middlesbrough. Tim asuhan Jurgen Klopp wajib meraih kemenangan atas The Boro, jika mereka ingin mengungguli raihan poin Arsenal dan finish di zona Liga Champions musim ini. Liverpool tengah duduk di peringkat empat klasemen, namun mereka masih berpotensi disalip Gunners yang ada di posisi lima. ( db / rer)","Real Madrid dan Barcelona dikabarkan bakal bersaing untuk mendapatkan tanda tangan pemain muda Liverpool, Ben Woodburn, menurut laporan Don Balon. Barca dikabarkan sudah sering mengamati permainan sang striker, usai ia mencatat rekor sebagai pencetak gol termuda di Liverpool di awal musim kompetisi kali ini. Belum ada kabar apakah Liverpool bakal menjual Woodburn atau memberinya kontrak baru untuk tetap bertahan di Anfield.",159,61,0.3836,9
1501458720-jusuf-kalla-jadikan-mrt-sebagai-contoh-pembangunan,tajuk utama,cnn indonesia,"Jakarta, CNN Indonesia - - Wakil Presiden Jusuf Kalla menyebut pembangunan Mass Rapit Transit ( MRT) Jakarta sebagai model pembangunan kota yang harus dicontoh. Hal itu didasari oleh tidak terganggunya arus lalu lintas perjalanan. "" Kita patut mencontoh pembangunan MRT, bagaimana pembangunan dilakukan tapi lalu lintas tetap lancar, "" ujarnya disela sambutan acara Tahun Keselamatan untuk Manusia di Bundaran Hotel Indonesia, Jakarta Pusat, Minggu ( 30 / 7). Perlintasan MRT memang dibangun dalam dua jenis yakni jalur layang dan bawah tanah. Dalam penggunaannya, jalur MRT tidak bersinggungan langsung dengan jalan raya. MRT sendiri merupakan kereta yang terdiri dari maksimal enam rangkaian. Proyek pembangunan tahap satu MRT di Jakarta berada pada rute Lebak Bulus - Sisingamangaraja - Bundaran HI dan ditargetkan beroperasi paling lambat tahun 2018. Menurut Kalla, pembangunan harus mampu mengendalikan lalu lintas di jalan raya. Maksudnya, mengatur bagaimana supaya tidak terjadi kemacetan lalu lintas yang dapat mengganggu sistem transportasi di jalur darat. Untuk itulah, Kalla mengatakan, Bappenas harus dapat mempelajari management traffic dengan baik jika ingin melakukan pembangunan. Kemacetan, Kalla menilai, memang menjadi momok utama dari pembangunan. Namun, hal itu dinilainya sebagai tantangan yang harus diselesaikan. Menurut dia, semua pihak seperti kementerian perhubungan, kementerian PUPR, polisi, masyarakat dan agen penjualan mobil harus dapat bekerjasama untuk mewujudkan kelancaran berkendara. "" Ini tugas berat karena 10 tahun mendatang jumlah kendaraan lebih banyak, apabila tahun ' 70 - an di Jakarta cukup satu kendaraan sekarang tidak lagi. Bapak satu ( mobil), anak satu ( mobil), "" ucapnya. ( evn / evn)","Wakil Presiden Jusuf Kalla menyebut pembangunan Mass Rapit Transit Jakarta sebagai model pembangunan kota yang harus dicontoh. Hal itu didasari oleh tidak terganggunya arus lalu lintas perjalanan. Perlintasan MRT memang dibangun dalam dua jenis yakni jalur layang dan bawah tanah. Dalam penggunaannya, jalur MRT tidak bersinggungan langsung dengan jalan raya. MRT sendiri merupakan kereta yang terdiri dari maksimal enam rangkaian.",249,60,0.241,16
1512519794-ri-perdamaian-terancam-jika-yerusalem-diakui-ibu-k,tajuk utama,cnn indonesia,"Jakarta, CNN Indonesia - - Pemerintah Indonesia melalui Menteri Luar Negeri Retno Marsudi menyatakan proses perdamaian antara Palestina dan Israel yang telah berlangsung selama puluhan tahun bisa terancam gagal jika Amerika Serikat mengakui Yerusalem sebagai ibu kota pemerintahan zionis. “ Perubahan status Yerusalem akan bahayakan proses damai dan mengancam perdamaian di wilayah itu sendiri. Indonesia sangat prihatin dengan perkembangan isu terkini terkait masa depan status Yerusalem, ” ujar Retno dalam pidato di seminar internasional tentang Palestina di Jakarta, Selasa ( 5 / 11). Pernyataan itu diungkapkan Retno menyusul kabar Presiden Amerika Serikat Donald Trump akan mengakui Yerusalem sebagai ibu kota Israel dan segera memindahkan kedutaan besar AS dari Tel Aviv ke kota tersebut. Yerusalem adalah kota yang diperebutkan Israel dan Palestina sebagai ibu kota. Retno mengatakan dirinya telah memanggil duta besar AS untuk Indonesia Joseph Donovan untuk meminta kejelasan terkait isu itu, kemarin. Ia meminta seluruh negara, tak terkecuali AS, untuk mematuhi resolusi internasional tahun 1976 terkait legalitas status Yerusalem yang selama ini dianggap sebagai wilayah integral dari Palestina. “ Kepemimpinan dan kebijaksanaan AS sangat dibutuhkan dalam penyelesaian konflik ini, ” kata Retno. Dia juga mengatakan telah berupaya berkomunikasi dengan Menlu AS Rex Tillerson mengenai hal ini. Eks dubes RI untuk Belanda itu menegaskan Indonesia akan selalu menjadi pendukung terdepan Palestina. Ia percaya bahwa satu-satunya solusi jangka panjang untuk perdamaian Israel - Palestina adalah dengan solusi dua negara atau two-state solution. "" Masih banyak tantangan yang harus kita hadapi demi mewujudkan harapan ini, salah satunya menjaga agar isu kemerdekaan Palestina ini tetap menjadi fokus utama pembahasan dalam dialog - dialog internasional, ” kata Retno. Tak hanya mendukung secara politik, Retno menuturkan, Indonesia juga terus berupaya menyalurkan sejumlah bantuan teknis untuk pembangunan di Palestina. Sejak beberapa tahun terakhir, kata Retno, Indonesia terus memaksimalkan bantuan pembangunan kapasitas sesuai dengan kebutuhan sumber daya manusia Palestina. Indonesia juga telah membangun sejumlah rumah sakit di beberapa wilayah seperti Jalur Gaza. Retno juga mengatakan Indonesia berencana memberlakukan bebas tarif bagi sejumlah produk Palestina sebagai upaya pemberdayaan ekonomi negara itu. “ Pemberlakuan bebas tarif ini juga sudah kita bicarakaan lintas kementerian terkait dan harapannya ini bisa difinalisasi tahun depan, ” tutur Retno. Kabar pengakuan Yerusalem sebagai ibu kota Israel kembali mencuat setelah sejumlah pejabat Gedung Putih mengungkapkan bahwa Trump akan mengumumkan pemindahan kedubes Israel melalui pidato yang akan disampaikan pada Rabu ini. Namun, kini ia telah dipastikan masih belum akan mengambil keputusan tersebut. Hal itu dikonfirmasi oleh Gedung Putih. Trump dikejar tenggat untuk memutuskan apakah akan menandatangani surat yang menangguhkan relokasi Kedutaan AS dari Tel Aviv selama enam bulan ke depan, seperti yang dilakukan para presiden AS sebelumnya sejak Kongres mengesahkan undang-undang soal itu pada 1995. ( aal)",Pemerintah Indonesia melalui Menteri Luar Negeri Retno Marsudi menyatakan proses perdamaian antara Palestina dan Israel bisa terancam gagal jika Amerika Serikat mengakui Yerusalem sebagai ibu kota pemerintahan zionis. Kabar pengakuan Yerusalem sebagai ibu kota Israel kembali mencuat setelah sejumlah pejabat Gedung Putih mengungkapkan bahwa Trump akan mengumumkan pemindahan kedubes Israel melalui pidato yang akan disampaikan pada Rabu ini.,441,58,0.1315,19
1494634500-al-qaidah-bikin-kuis-berhadiah-ak-47,tajuk utama,kumparan,"Kelompok militan Al - Qaidah di Yaman melakukan strategi baru untuk merekrut anggota dan menyebarkan pemahamannya, yaitu dengan menggelar kuis. Pemenang kuis ini berhak mendapatkan hadiah utama sepucuk senapan Kalashnikov atau AK - 47. Diberitakan Reuters berdasarkan sumber warga setempat pada Kamis ( 11 / 5), militan Al - Qaidah berkeliling di kota Taiz membagikan selebaran dan menempel poster - poster kuis jelang bulan suci Ramadan. Mereka meminta warga untuk mengambil selebaran itu. Selebaran itu berisi pertanyaan - pertanyaan Islami, sesuai dengan pemahaman Al - Qaidah "" Sebutkan tiga pasal dalam konsitusi [ Yaman] yang bertentangan dengan hukum Islam, "" bunyi kuis dalam selebaran tersebut. "" Semua orang yang mengikuti hukum selain hukum Islam adalah kafir, yang bisa dibunuh. Sebutkan tiga dalil pernyataan ini, "" bunyi pertanyaan lainnya. Baca juga: ISIS Gandeng Al - Qaidah untuk Lawan Tentara Irak Dalam selebaran tidak disebutkan harus dikirim kemana jawaban kuis itu. Namun warga setempat mengatakan semua orang sudah tahu kantor - kantor dan masjid al - Qaidah di kota itu. Hadiah pertama dalam kuis ini adalah AK - 47 buatan China, hadiah kedua sebuah motor, dan ketiga laptop. Hadiah hiburan adalah pistol dan uang tunai sebesar 20 ribu riyal atau sekitar Rp 1 juta. Al - Qaidah di Yaman yang dikenal dengan Al - Qaidah di Semenanjung Arab atau AQAP adalah kelompok militan bersenjata yang paling aktif meneror Yaman dan Arab Saudi. Kelompok yang masuk daftar teroris di banyak negara Barat dan Arab ini memanfaatkan kondisi keamanan yang buruk di Yaman yang tengah dilanda perang saudara.","Kelompok militan Al - Qaidah di Yaman melakukan strategi baru untuk merekrut anggota dan menyebarkan pemahamannya, yaitu dengan menggelar kuis. Pemenang kuis ini berhak mendapatkan hadiah utama sepucuk senapan Kalashnikov atau AK - 47. Militan Al - Qaidah berkeliling di kota Taiz membagikan selebaran dan menempel poster - poster kuis jelang bulan suci Ramadan. Selebaran itu berisi pertanyaan - pertanyaan Islami, sesuai dengan pemahaman Al - Qaidah",254,67,0.2638,15
1500675476-presidential-threshold-untungkan-parpol-rugikan-ca,tajuk utama,cnn indonesia,"Jakarta, CNN Indonesia - - Undang - undang yang bakal mengatur Penyelenggaraan Pemilu akhirnya disahkan, Jumat ( 21 / 7) dini hari WIB. Namun, pengesahan UU Pemilu itu tak terjadi dengan lancar. Proses rapat paripurna untuk mengesahkan RUU Pemilu itu telah berlangsung sejak Kamis ( 20 / 7) pagi. Dalam prosesnya, muncul dua kubu atas opsi-opsi paket dalam lima isu krusial yaitu ambang batas pencalonan presiden, ambang batas parlemen, sistem pemilu, besaran kursi per dapil, dan metode konversi suara ke jumlah kursi parlemen. Belakangan, isu yang diperdebebatkan mengerucut menjadi ambang batas presiden atau presidential threshold dan konversi suara. Setelah melalui drama ketika Gerindra dkk pun memutuskan keluar dari ruang siang, UU Pemilu disahkan Ketua DPR Setya Novanto secara aklamasi. UU Pemilu yang disahkan mengatur ada ambang batas sebesar 20 persen untuk perolehan kursi di DPR dan / atau 25 persen perolehan suara nasional untuk mengajukan presiden. Angka 20 persen ini ditentang oleh partai-partai yang meninggalkan sidang paripurna karena dianggap akan memunculkan calon tunggal dalam pemilihan presiden. Pakar hukum tata negara Yusril Ihza Mahendra menilai UU Pemilu yang disahkan itu justru akan membuat partai-partai memiliki posisi nilai lebih terhadap seorang bakal calon presiden. Yusril mencontohkan andai Presiden RI Joko Widodo ingin mencalonkan diri kembali pada 2019 mendatang, ia harus melakukan ' tranksaksi kesepakatan ( deal) dengan harga tinggi '. "" Presidential Threshold 20 persen sebenarnya bukan kepentingan Jokowi, tapi kepentingan partai-partai pendukung Jokowi, "" kata Yusril dalam keterangan tertulisnya. "" Jokowi harus deal dengan harga tinggi dengan partai-partai itu. Andaikata Jokowi baru dapat 17 persen dukungan, diapun harus deal lagi dengan partai kecil yang punya suara 3 persen kursi di DPR, "" sambungnya. Adapun yang dimaksud deal tersebut, Yusril tak menerangkannya dengan lugas. "" Deal - deal itu bisa macam-macam, mungkin saja materi, mungkin pula bagi-bagi jabatan mulai dari menteri, dubes ( duta besar), komisi-komisi negara, sampai direksi dan komisaris BUMN, "" kata Yusril. Andai itu yang terjadi, pria yang juga berprofesi sebagai advokat itu mengkhawatirkan siapapun bakal calon presiden, termasuk Jokowi, bakal terjebak dalam permainan partai-partai pendukung serta ancaman pos jabatan publik diisi orang tak berkompeten. "" Partai - partai itu tidak punya kepentingan apapun dengan Jokowi, tapi nanti Jokowi yang berkepentingan dengan mereka agar dapat dukungan presidential treshold 20 persen, "" kata Yusril. Dalam UU Pemilu terbaru paket atas lima isu krusial yang disahkan adalah paket A. Paket tersebut adalah usulan dari permerintah, yang juga disokong partai-partai koalisi pemerintah, kecuali PAN, di DPR. Dan, lima isu krusial yang telah sah menjadi UU itu adalah ambang batas presiden 20 / 25 Persen, ambang batas parlemen 4 persen, sistem pemilu terbuka, alokasi kursi per dapil 3 - 10, dan metode konversi suara sainte lague murni. Nantinya, lewat ambang batas presiden tersebut partai politik atau gabungan parpol dalam pengajuan presiden / wakil presiden harus memiliki harus memiliki 20 persen jumlah kursi di DPR dan / atau 25 persen suara sah nasional di Pemilu sebelumnya. Lalu, untuk mendudukkan seorang kader dalam legislatif, ambang batas parlemen memaksa parpol minimal harus mendapat 4 persen suara untuk masuk ke dewan perwakilan. Kemudian, sistem pemilu terbuka berarti di kertas suara terpampang nama caleg selain nama partai. Pemilih juga bisa mencoblos langsung nama caleg yang diinginkan. Adapun alokasi kursi adalah rentang jumlah kursi anggota DPR di setiap daerah pemilihan paling sedikit 3 kursi dan paling banyak 10 kursi. Terakhir, metode konversi suara Sainte Lague Murni berarti penerapan bilangan pembagi suara berangka ganjil seperti, 1, 3, 5, 7, 9, dan seterusnya. Metode sainte lague ini dalam melakukan penghitungan suara bersifat proporsional yakni tak ada pembedaan dan tidak memihak pada partai kecil ataupun partai besar.","Undang - undang yang bakal mengatur Penyelenggaraan Pemilu akhirnya disahkan, Jumat dini hari WIB. Namun, pengesahan UU Pemilu itu tak terjadi dengan lancar. Proses rapat paripurna untuk mengesahkan RUU Pemilu itu telah berlangsung sejak Kamis ( 20 / 7) pagi. Belakangan, isu yang diperdebebatkan mengerucut menjadi ambang batas presiden atau presidential threshold dan konversi suara.",595,55,0.0924,26
1501372800-krypt-mata-uang-digital-dipersiapkan-exclusor,teknologi,dailysocial.id,"Beberapa waktu lalu kami sempat memberitakan mengenai ExorChain, sebuah platform digital yang sedang dikembangkan untuk pemanfaatan teknologi blockchain di Indonesia, sekaligus menciptakan mata uang digital atau cryptocurrency baru untuk Indonesia yang diberi nama Krypt ( KRP). Pasca beberapa persiapan dan penyempurnaan teknologi, akhirnya Exorchain siap memasuki tahap crowdselling dan memperkenalkan diri kembali menjadi Exclusor. DailySocial sempat berbincang dengan Tata Tricipta untuk kembali mengulas mengenai layanan dan teknologi yang ia kembangkan. Sebagai salah satu jenis platform atau layanan baru di Indonesia, Exclusor masih berupaya untuk memberikan informasi dan pemahaman mengenai manfaat blockchain dan ekosistemnya. Tata bercerita saat ini Exclusor sedang mengadakan crowdsale. Periode ini dibuka sejak tanggal 19 Juli kemarin. Mereka menawarkan atau menjual Krypt sebagai mata uang digital. Diharapkan dengan mengikuti crowdsale ini mereka yang tertarik untuk membeli mata uang digital ini mendapatkan keuntungan lebih. Seperti yang didapat para early adopter atau pembeli pertama saat nilai tukar bitcoin naik. “ Saat ini crowdsale yang kami lakukan lebih kepada menawarkan Krypt sebagai mata uang digital yang baru, bukan menawarkan private equity, untuk penawaran private equity di dalam DAO nanti akan kita tawarkan sekitar bulan Januari 2018. Oleh karena itu yang kita tawarkan untuk crowdsale sekarang ini lebih dititik beratkan pada keuntungan memakai teknologi yang kita kembangkan, yaitu keamanan, kemudahan, biaya yang murah, transparansi dan efisiensi, ” ujar Tata. Ia lebih lanjut juga menjelaskan bahwa Krypt merupakan mata uang digital yang resmi dan hanya dipakai dalam sistem Exclusor. Krypt bukanlah pengganti mata uang yang saat ini saja, pembelian konvensional tetap akan dikonversikan ke mata uang yang berlaku. Secara karakteristik Krypt ini mirip dengan bitcoin, sehingga Krypt bisa menjadi komoditas yang diperjualbelikan di bursa uang digital maupun sebagai instrumen untuk investasi di proyek, perusahaan atau komoditas lainnya yang menggunakan teknologi Exclusor sebagai basis platformnya. “ Kita tidak berupaya menjadikan Krypt sebagai stable coin, nilainya nanti kita serahkan melalui mekanisme pasar di bursa yang tergantung dari supply dan demand. Bursa aset digital yang kita kembangkan khusus untuk ekosistem Exclusor sedang kita test di internal dan akan kita rilis secara resmi setelah crowdsale berakhir, ” lanjut Tata. Tata lebih lanjut juga menjelaskan Krypt bisa ditukar dengan bitcoin dan mata uang digital lainnya dan bisa juga ditukar dengan uang kertas. Nilainya saat ini berkisar mulai dari Rp 10.000 sampai dengan Rp 15.000. “ Untuk konversi dari uang kertas kita hanya menerima konversi dari rupiah ke Krypt, kalaupun ada yang membeli dari mata uang USD atau SGD, kita konversikan ke rupiah terlebih dahulu, ” imbuhnya. Mata uang digital belum banyak dikenal luas oleh masyarakat Indonesia. Meski bitcoin sudah cukup banyak dikenal peredaran dan pemanfaatannya masih berkutat di komunitas atau mereka yang sudah fasih terhadap teknologi. Inilah yang saat ini dan akan menjadi tantangan untuk Exclusor berkembang di Indonesia. Kendati demikian Tata dan tim sudah menyusun peta jalan hingga tahun 2018 awal untuk platform Exclusor. Setelah crowdsale ini selesai mereka akan melakukan valuasi terhadap nilai Krypt dan akan dialokasikan dengan tiga skema. Pertama, 80 % total Krypt akan menjadi hak milik pembeli yang bisa diperjualbelikan di bursa atau transaksi lainnya. Yang kedua, 15 % dari total Krypt yang terjual akan dipakai untuk pengembangan selanjutnya dan merilis aplikasi pendukung seperti wallet, digital identik, digital Asset exchange, dan lain-lain. Termasuk untuk biaya marketing. Dan yang ketiga, 5 % dari total Krypt yang terjual akan didistribusikan ke pihak ketiga yang membantu Exclusor saat crowdsale. Di awal 2018 Exclusor juga sudah merencanakan untuk menambah jumlah pengguna dengan melakukan ekspansi ke negara-negara di wilayah Asia Tenggara. “ Jujur saja, crowdsale yang sekarang targetnya tidak muluk-muluk, kami menargetkan penjualan yang menurut saya cukup rasional, mengingat masyarakat Indonesia masih belum paham keuntungan dari teknologi blockchain dan juga belum tahu tentang uang digital. Target terendah kita adalah 10 % dari total Krypt atau sekitar 500.000 Krypt yang bisa terjual juga itu sudah cukup bagus, ” tutup Tata. DailySocial.id adalah portal berita startup dan inovasi teknologi. Kamu bisa menjadi member komunitas startup dan inovasi DailySocial.id, mengunduh laporan riset dan statistik seputar teknologi secara cuma-cuma, dan mengikuti berita startup Indonesia dan gadget terbaru.","ExorChain merupakan sebuah platform digital yang sedang dikembangkan untuk pemanfaatan teknologi blockchain di Indonesia, sekaligus menciptakan mata uang digital atau cryptocurrency baru yang diberi nama Krypt ( KRP). Exorchain siap memasuki tahap crowdselling dan memperkenalkan diri kembali menjadi Exclusor. Krypt mirip dengan bitcoin, sehingga Krypt bisa menjadi komoditas yang diperjualbelikan di bursa uang digital maupun sebagai instrumen untuk investasi.",665,59,0.0887,33
1515023940-sergio-aguero-ingin-bertahan-di-manchester-city,olahraga,cnn indonesia,"Jakarta, CNN Indonesia - - Bintang Manchester City, Sergio Aguero mengaku betah di klub tersebut dan menyatakan spekulasi masa depan tentang dirinya bergantung pada keputusan klub. Aguero kembali menunjukkan bahwa dirinya tetap layak dipercaya sebagai mesin gol Manchester City musim ini. Aguero sudah mencetak 16 gol dan perannya akan kembali terasa penting mengingat Gabriel Jesus mengalami cedera. Aguero sempat diberitakan tak bahagia dengan pola rotasi yang dilakukan Pep Guardiola, namun mantan pemain Atletico Madrid itu menegaskan dirinya gembira ada di klub tersebut. "" Saya masih punya kontrak hingga 2020. Sejujurnya, saya ingin melakukan yang terbaik hingga akhir musim dan kemudian melihat situasi yang ada. "" "" Namun sejujurnya, rencana saya adalah tidak berganti klub. Saya sangat bahagia di sini, namun seperti yang pernah saya katakan klub yang akan menentukan segalanya. Mereka yang bakal menyatakan bahwa saya harus pergi atau bertahan. Apapun keputusannya, saya akan menghormati hal tersebut, "" ujar Aguero seperti dikutip dari ESPN. Aguero mengaku fokusnya saat ini tidak terganggu oleh spekulasi masa depan yang beredar. Aguero hanya fokus membawa trofi untuk Manchester City sebelum berlaga di Piala Dunia. "" Saya ingin menyelesaikan musim ini dengan cara terbaik, tentu saja dengan trofi, karena kami di Manchester City selalu memulai musim dengan harapan mengakhirinya lewat sesuatu di tangan kami [ trofi], "" ujar Aguero. Usai sukses bersama Manchester City, Aguero berharap bisa jadi bagian sukses Argentina di Piala Dunia. "" Piala Dunia adalah ajang yang sangat penting bagi Argentina, dan juga bagi saya karena Piala Dunia terakhir bukanlah tipe Piala Dunia yang saya inginkan. Saya cedera dan absen di beberapa laga. "" "" Terlepas dari itu, yang paling teratas dari semuanya adalah saya berharap mendapat panggilan ke tim nasional, "" kata mantan menantu Diego Maradona itu. ( ptr)","Bintang Manchester City, Sergio Aguero mengaku betah di klub dan menyatakan spekulasi masa depan tentang dirinya bergantung pada keputusan klub. Aguero sempat diberitakan tak bahagia dengan rotasi yang dilakukan, namun dirinya menegaskan gembira ada di Manchester City. "" Saya masih punya kontrak hingga 2020. Sejujurnya, saya ingin melakukan yang terbaik hingga akhir musim dan kemudian melihat situasi yang ada, "" ujar Aguero.",288,62,0.2153,17
1498875300-mobil-otonom-polisi-dubai-bisa-kenali-penjahat,teknologi,kumparan,"Kalau kita bicara soal mobil patroli paling keren dunia, Dubai pasti jawabannya. Sudah tak terhitung berapa banyak mobil wah yang didapuk sebagai kendaraan dinas mereka. Lupakanlah Bugatti Veyron atau Porsche 918 Spyder. Kali ini, kepolisian Dubai berniat melengkapi jajaran mobil patroli yang menganut teknologi tanpa sopir. Mobil patroli ini punya dimensi yang kecil - - mirip purwarupa mobil otonom Google - - dan diharapkan akan beroperasi pada akhir tahun ini. Dikutip dari gulfnews, Kamis ( 29 / 6), mobil tanpa sopir itu akan dibekali dengan peranti lunak biometrik. Mobil memiliki kemampuan untuk mencari pelaku kriminal dan menindak pelanggar hukum di jalan. Mobil akan dilengkapi dengan drone untuk memudahkan melalukan pemantauan. Baik drone dan mobil patroli juga bisa dikendalikan dari jarak jauh melalui pusat kendali yang ada di kantor polisi. Polisi Dubai berkenja sama dengan perusahaan asal Singapura, OTSAW Digital, untuk merealisasikan inovasi tersebut. Mobil yang dinamai O - R3 adalah bagian dari program Smart Dubai. "" Polisi Dubai ingin menggunakan teknologi terbaru untuk melawan kriminalitas. Kami selalu mencari cara untuk mendapatkan teknologi terbaik dalam menciptakan cara kerja polisi yang aman dan lebih cerdas, "" kata Panglima Kepolisian Dubai Abdullah Khalifa Al Merri. Menyoal O - R3 OTSAW menjelaskan, O - R3 ini merupakan solusi baru yang akan menjadi andalan polisi di kota-kota besar seperti Dubai. Mereka mengklaim bahwa ini merupakan robot keamanan pertama otonom pertama dunia yang dibekali dengan sistem pengendali darat dan antena. O - R3 juga bisa membaca lingkungan 360 derajat, kemampuan self - charging ( pengisian daya secara mandiri), patroli 24 / 7. "" Tentu saja, eksistensi robot bisa meningkatkan hidup manusia, "" kata Ling Bing, CEO of OTSAW Digital.","Kalau kita bicara soal mobil patroli paling keren dunia, Dubai pasti jawabannya. Sudah tak terhitung berapa banyak mobil wah yang didapuk sebagai kendaraan dinas mereka. Kali ini, kepolisian Dubai berniat melengkapi jajaran mobil patroli yang menganut teknologi tanpa sopir. Mobil patroli ini punya dimensi yang kecil memiliki kemampuan untuk mencari pelaku kriminal dan menindak pelanggar hukum di jalan.",273,58,0.2125,18
1486260920-istri-ditipu-suaminya-yang-ternyata-perempuan,tajuk utama,rimanews,"Rimanews - Seroang wanita di Kelurahan Muara Sentosa Kecamatan Sei Tualang Raso Kota Tanjungbalai, Sumatera Utara berinisial S tertipu karena suami yang telah dinikahinya selama empat bulan ternyata adalah seorang perempuan. Dikutip dari Tribratanews, pernikahan sejenis itu terbongkar setelah polisi menangkap perempuan berinisial F yang tak lain adalah suami S, atas kasus pembuangan bayi. Kasubbag Humas Polres Tanjung Balai AKP Lingga, mengatakan, empat hari setelah menikah F meninggalkan S ke Malaysia dengan alasan bekerja, dan pulang ke rumahnya Januari 2017. Pada Kamis 2 Februari 2017, warga di Jalan Kenanga Lingkungan III Kelurahan Muara Sentosa Kecamatan Sei Tualang Raso Kota Tanjung Balai dihebohkan dengan penemuan bayi laki-laki di semak-semak berjarak 50 meter dari rumah pasangan sejenis F dan S itu, sekitar pukul 04.30 WIB. Lingga mengatakan, bayi yang baru dilahirkan itu, ditemukan oleh seorang warga bernama Herman ( 51). Saat itu Herman mendengar jeritan suara tangis bayi. Penasaran dengan suara tersebut, kemudian Herman pun mencari asal suara tersebut dan menemukan sesosok bayi. "" Melihat ada bayi, saksi Herman kemudian memberitahukan kepada warga sekitar. Selanjutnya dilaporkan ke polisi, "" kata Lingga. Setelah diselidiki, ternyata bayi tersebut adalah anak dari tersangka F. "" Untuk memuluskan pernikahannya dengan S tersebut, F menyamar menjadi laki laki. Sementara S, wanita pasangannya tersebut tidak mengetahui bahwa F ternyata adalah seorang wanita tulen bahkan telah melahirkan seorang bayi, "" kata Lingga. S, kata Lingga, tidak mengetahui bahwa F adalah seorang wanita atau lesbi. "" Kami juga masih lakukan pengembangan dan memeriksa tersangka untuk menanyakan ayah biologis dari bayi malang tersebut. "" tutur Lingga. Namun, kata Lingga, polisi masih menunggu kondisi tersangka fit betul karena baru melahirkan, "" kata dia. Kini bayi dan tersangka F telah dirawat di Rumah Sakit Umum untuk mendapat perawatan.","Seroang wanita di Kelurahan Muara Sentosa Kecamatan Sei Tualang Raso Kota Tanjungbalai, Sumatera Utara berinisial S tertipu karena suami yang telah dinikahinya selama empat bulan ternyata adalah seorang perempuan. Pernikahan sejenis itu terbongkar setelah polisi menangkap perempuan berinisial F yang tak lain adalah suami S, atas kasus pembuangan bayi. S tidak mengetahui bahwa F adalah seorang wanita atau lesbi.",285,59,0.207,16
1507344079-tahun-depan-firefox-tak-lagi-dukung-xp-dan-vista,teknologi,dailysocial.id,"Setiap generasi sistem operasi ada masanya untuk redup dan ditinggalkan, tak terkecuali Windows XP yang merupakan sistem operasi paling sukses sepanjang sejarah Microsoft. Setelah tak lagi mendapatkan dukungan penuh dari Microsoft, pengguna Windows XP dan Vista harus siap ditinggalkan pula oleh Mozilla Firefox yang telah mengumumkan penghentian dukungan pada bulan Juni tahun 2018 mendatang. Jadi, menjelang tanggal itu pengguna yang masih menggunakan dua OS tersebut masih bisa mengharapkan perlindungan optimal dari Mozilla. Tapi harus segera bersiap melakukan upgrade ke sistem operasi yang lebih baru jika masih ingin tetap menggunakan Firefox dengan aman. Penghentian dukungan untuk Windows XP dan Windows Vista sejatinya bukan sesuatu yang mengherankan. Microsoft saja sebagai pemilik OS tak mau menghabiskan fokus dan tenaga untuk mendukung sistem operasi lawas meskipun masih banyak pengguna yang bertahan di Windows XP. Mozilla sendiri mulai meninggalkan keduanya sejak merilis Firefox 35 bulan April lalu. Peramban versi ini sudah tidak mendukung secara penuh Windows XP dan Vista. Sebagai antisipasinya, pengguna diarahkan ke Firefox Extended Support Relase atau ESR yang dirancang untuk organisasi nirlaba. Namun kala itu Mozilla tidak membeberkan secara gamblang kapan dukungannya akan benar-benar berakhir. Baru sekarang, terungkap sudah semuanya. Dalam pengumumannya, Mozilla mengatakan bahwa sistem operasi yang tidak lagi didukung tidak akan menerima pembaruan keamanan, sehingga lebih rentan terhadap serangan. Mereka sangat merekomendasikan pengguna untuk melakukan upgrade ke OS yang lebih baru yang masih didukung oleh Microsoft. Ini berarti mulai tahun depan, Windows XP dan Windows Vista nyaris kehilangan dukungan dari aplikasi-aplikasi penting. Windows XP sudah tidak memperbarui Internet Explorer ke versi baru, maksimal hanya sampai IE8. Sedangkan Vista lebih beruntung karena bisa memasang IE9. Sekarang, pilihannya mereka bersedia upgrade ke OS, membeli perangkat baru atau lebih memilih untuk menggunakan peramban lain yang masih memberikan dukungan update. Sumber berita Mozilla dan gambar header Pixabay. DailySocial.id adalah portal berita startup dan inovasi teknologi. Kamu bisa menjadi member komunitas startup dan inovasi DailySocial.id, mengunduh laporan riset dan statistik seputar teknologi secara cuma-cuma, dan mengikuti berita startup Indonesia dan gadget terbaru.","Setelah tak lagi mendapatkan dukungan penuh dari Microsoft, pengguna Windows XP dan Vista harus siap ditinggalkan pula oleh Mozilla Firefox yang telah mengumumkan penghentian dukungan pada Juni 2018 mendatang. Jadi, menjelang tanggal itu pengguna yang masih menggunakan dua OS tersebut masih bisa mengharapkan perlindungan optimal dari Mozilla. Tapi harus segera bersiap melakukan upgrade sistem operasi yang lebih baru.",327,58,0.1774,20
1490823917-puluhan-warga-gowa-keracunan-makanan,tajuk utama,suara,"Suara.com - Sebanyak 44 orang warga Dusun Timbuseng, Desa Sakkolia, Kecamatan Bontomarannu, Kabupaten Gowa, Sulawesi Selatan dilarikan ke RSUD Syekh Yusuf Gowa, Selasa ( 28 / 3 / 2017) malam, karena mengalami keracunan makanan. Warga Dusun Timbuseng yang berdatangan terus bertambah, dan data sementara yang diterima sebanyak 44 orang harus dirawat usai menyantap makanan hajatan itu. Kabid Humas Polda Sulsel Kombes Dicky Sondani mengatakan, umumnya warga yang mengalami keracunan makanan itu adalah warga setempat karena Andarias Dg Ganyu ( 36) sedang melakukan hajatan yakni aqiqah. "" Jadi awalnya itu tidak langsung terkena, tapi setelah beberapa jam baru terasa dan satu per satu warga dilarikan ke puskesmas dan rumah sakit, "" ujarnya pula. Baca_Juga Gejala yang mulai dirasakan warga sejak petang itu, yakni muntah, mual dan terus-terusan buang air besar ( BAB) hingga membuat mereka lemas. Semua warga yang sudah dilarikan ke rumah sakit kemudian ditangani oleh tim medis, sebelum gejala lainnya timbul akibat dari keracunan makanan tersebut. "" Mereka semua sudah ditangani dengan baik oleh petugas medis, dan sampai saat ini anggota di sana masih melakukan pendataan serta pihak rumah sakit tetap siaga, "" katanya lagi. Personel Polres Gowa mendatangi rumah tempat hajatan, Andarias dan mengambil sampel makanan yang diperlukan. Selanjutnya, polisi juga mendatangi rumah sakit untuk mendata semua korban keracunan dan berkoordinasi dengan tim laboratorium forensik ( labfor) untuk melakukan pengujian secara laboratoris. "" Tuan rumah hajatan sudah dimintai keterangannya, dan semua jenis makanan sudah diambil sampelnya untuk selanjutnya diuji di labfor, "" katanya. ( Antara)","Sebanyak 44 orang warga Dusun Timbuseng, Desa Sakkolia, Kecamatan Bontomarannu, Kabupaten Gowa, Sulawesi Selatan dilarikan ke RSUD Syekh Yusuf Gowa, Selasa ( 28 / 3) malam, karena mengalami keracunan makanan setelah melakukan hajatan yakni aqiqah. Warga Dusun Timbuseng yang berdatangan terus bertambah, dan data sementara yang diterima sebanyak 44 orang harus dirawat usai menyantap makanan hajatan itu.",247,57,0.2308,11
1501183800-menyembuhkan-ketergantungan-narkoba-dengan-ganja,hiburan,cnn indonesia,"Jakarta, CNN Indonesia - - Seorang yang tertangkap dan terbukti menggunakan obat terlarang biasanya dibawa ke panti atau klinik rehabilitasi. Rehabilitasi akan membantu mereka untuk lepas dari jerat obat-obatan terlarang dan memulai hidup baru tanpanya. Namun sebuah klinik rehabilitasi di Los Angeles justru menggunakan mariyuana alias ganja untuk mengatasi candu obat terlarang para pasiennya. Dilansir dari Metro, klinik High Sobriety, Los Angeles Amerika Serikat menyebut ganja jadi solusi agar pasien lepas dari kecanduan mereka. Hal ini tentunya terdengar aneh karena pasien diharuskan bebas dari narkoba namun diobati dengan ganja. Sekilas ada ketakutan orang tersebut akan berubah menjadi pecandu ganja. Laman resmi High Sobriety Treatment, mengklaim bahwa praktik kliniknya sudah legal menurut hukum dan berada di bawah pengawasan tenaga medis. "" Ganja dapat membantu proses pembersihan, membantu mengatasi rasa kurang nyaman, insomnia, dan gejala mirip flu yang berhubungan dengan proses menarik diri, mengurangi atau menghilangkan kebutuhan pada obat-obatan lain, "" sebut klinik tersebut dalam laman resminya. Dilaporkan bahwa banyak pasien menyalahgunakan obat-obatan yang legal di beberapa negara di Amerika Serikat. Opium jadi salah satu obat yang dikonsumsi dan menimbulkan candu yang sulit hilang. Dikutip dari New York Times, kepala divisi pengobatan di Departemen Anestesi Universitas Carolina, San Diego, Mark Wallace mengatakan ia sudah menggunakan ganja sejak lima tahun lalu untuk menolong sekian ratus pasien lepas dari opium. "" Saya merasa saya adalah budak obat itu. ( Kini) Saya merasa seperti memperoleh hidup saya kembali, "" kata Wallace saat bercerita tentang pendapat pasiennya. Klinik ini membiarkan pasiennya menghisap ganja layaknya rokok. Ganja membantu mereka terhindar sakaw atau kambuh dan mencari opium atau obat-obatan lain. Hanya saja, penggunaan ganja sebagai obat ini harus dilakukan oleh dokter rehabilitasi tertentu dengan pengalaman dan dosis tertentu dan tak bisa dilakukan sembarangan.","Klinik High Sobriety, Los Angeles Amerika Serikat menyebut ganja jadi solusi agar pasien lepas dari kecanduan mereka. Hal ini tentunya terdengar aneh karena pasien diharuskan bebas dari narkoba namun diobati dengan ganja. Sekilas ada ketakutan orang tersebut akan berubah menjadi pecandu ganja. Mereka mengklaim bahwa praktik kliniknya sudah legal menurut hukum dan berada di bawah pengawasan tenaga medis.",285,58,0.2035,16
1478751012-bappenas-berani-sentil-kementerian-yang-malas-bang,tajuk utama,cnn indonesia,"Jakarta, CNN Indonesia - - Kepala Badan Perencanaan Pembangunan Nasional ( Bappenas) Bambang P.S. Brodjonegoro sedang menyusun peta jalan program pembangunan Papua, yang akan mendisiplinkan kementerian / lembaga ( k / l) dalam berkontribusi membangun Provinsi di Timur Indonesia tersebut. "" Jadi jangan sampai mereka diminta bangun jalan di Puncak Jaya, tetapi malah membangun di Biak karena lebih gampang. Itu tidak boleh, ” kata Bambang, kemarin petang. Pendisiplinan program pembangunan Papua menurut Bambang harus dilakukan, setelah Presiden Joko Widodo ( Jokowi) menilai para pembantunya tidak merealisasikan pemerataan pembangunan di Papua meski dana yang tersedot sangat banyak. Jokowi menuturkan, pemerintah menggelontorkan Rp 85,7 triliun bagi Papua tahun lalu. Namun, besarnya angka itu tidak terlihat dari hasil program pembangunan Papua. Dalam rapat terbatas di Istana Kepresidenan kemarin, Jokowi menduga ketidakefektifan pembangunan di Papua karena 46 persen k / l lebih memilih membangun di lokasi yang mudah terjangkau dan gampang menerapkan implementasi. Hal tersebut diamini Bambang yang menyebut, instansi pemerintah pusat maupun pemerintah daerah hanya fokus melakukan pembangunan di empat kabupaten karena mudah dijangkau yaitu Jayapura, Merauke, Nabire, dan Biak. Padahal, Presiden Jokowi ingin merealisasikan janjinya saat kampanye kepada masyarakat Papua akan meningkatkan indeks pembangunan manusia ( IPM) melalui pendidikan, kesehatan, dan infrastruktur. "" Kami akan buat koordinasi lebih baik antara pemerintah pusat dan pemerintah daerah karena uang daerah juga besar di situ, "" ucap dia. ( gen)","Kepala Badan Perencanaan Pembangunan Nasional ( Bappenas) Bambang P.S. Brodjonegoro sedang menyusun peta jalan program pembangunan Papua, yang akan mendisiplinkan kementerian atau lembaga dalam berkontribusi membangun Provinsi di Timur Indonesia tersebut. Pendisiplinan program pembangunan Papua menurut Bambang harus dilakukan, setelah Presiden Joko Widodo ( Jokowi) menilai para pembantunya tidak merealisasikan pemerataan pembangunan di Papua, padahal pemerintah sudah menggelontorkan Rp 85,7 triliun tahun lalu.",225,63,0.28,12
1509939852-terjerat-korupsi-11-pangeran-dan-pejabat-saudi-dit,tajuk utama,cnn indonesia,"Jakarta, CNN Indonesia - - Komite Anti Korupsi Arab Saudi menangkap sebelas pangeran, empat menteri yang tengah menjabat, dan puluhan mantan menteri. Penangkapan ini dilakukan pada Sabtu ( 4 / 11) sore seperti disebutkan sumber anonim dari Al Arabiya. Komite ini mengumumkan hal tersebut setelah membuka file mengenai banjir Jeddah pada 2009 dan menginvestigasi isu tentang virus korona ( MERS - Middle East Respiratory Syndrome). Komite ini dikepalai oleh Putra Mahkota dengan anggota Ketua Komisi Pemantauan dan Investigasi, Ketua Otorita Anti Korupsi Nasional, Kepala Biro Audit Umum, Jaksa Agung, dan Kepala Keamanan Negara. Berdasarkan dekrit kerajaan yang dikeluarkan oleh Raja Salman, komite ini punya hak untuk melakukan investigasi, menangkap, mengeluarkan larangan perjalanan, membekukan akun dan portofolio, melacak dana dan aset dari tiap individu yang terlibat dalam kasus korupsi. Komite anti korupsi yang baru didirikan ini dipimpin oleh Putra Mahkota Kerajaan Arab, Mohammed bin Salman. Pria yang populer disebut MBS ini adalah millenial pertama yang memimpin kerajaan Saudi, demikian disebutkan The Telegraph. Pria 32 tahun itu, sudah dianggap sebagai penguasa de facto sebelum dilakukannya serah terima kekuasaan resmi dari ayahnya, Raja Salman, yang kini berusia 81 tahun. Ia telah mengendalikan lini utama pemerintah, mulai dari pertahanan hingga ekonomi. ( eks / eks)","Komite Anti Korupsi Arab Saudi menangkap sebelas pangeran, empat menteri yang tengah menjabat, dan puluhan mantan menteri. Penangkapan ini dilakukan pada Sabtu ( 4 / 11) sore seperti disebutkan sumber anonim dari Al Arabiya. Komite ini mengumumkan hal tersebut setelah membuka file mengenai banjir Jeddah pada 2009 dan menginvestigasi isu tentang virus korona ( MERS - Middle East Respiratory Syndrome).",201,60,0.2985,10
1471852823-belum-sebulan-penjualan-toyota-calya-sudah-lampaui,tajuk utama,suara,"Suara.com - Diluncurkan sekitar dua pekan lalu, mobil baru Toyota Calya rupanya telah melampuai target penjualan yang ditetapkan demikian dikatakan Henry Tanoto, Wakil Presiden Direktur PT Toyota Astra Motor ( TAM). Ditemui di sela-sela pameran Gaikindo Indonesia International Auto Show ( GIIAS 2016) di BSD, Banten, Kamis ( 18 / 8 / 2016), Henry mengatakan bahwa hingga 16 Agustus kemarin sudah lebih dari 8.000 unit Toyota Calya yang terjual di Tanah Air. Calya varian G bertransmisi manual, jelas Henry, adalah yang paling banyak diminati konsumen. Adapun Toyota Calya diluncurkan pertama kali pada 2 Agustus lalu dan langsung mulai dijual di Indonesia. "" Per 16 Agustus, pemesanan Calya sudah lebih dari 8.000 unit. Kalau melihat target kami untuk Calya yang sekitar 7.000 unit per bulan, kami sudah mencapai target, "" kata Henry. Dalam jumpa pers dalam peluncuran Calya di Karawang, Jawa Barat Toyota memang menargetkan penjualan Calya sebesar 7.000 hinga 8.000 unit per bulan. "" Data terakhir yang saya terima, varian G MT sekitar 57,8 persen dari pemesanan, "" imbuh dia. Ia mengatakan Toyota siap berkoordinasi dengan Daihatsu untuk menyesuaikan kapasitas produksi jika pemesanan Calya jauh melebihi ekspektasi. Pasalnya, Calya dan saudaranya Daihatsu Sigra adalah hasil kolaborasi antara kedua pabrikan dan diproduksi oleh Daihatsu. Calya sendiri terdiri dari varian lima varian yakni E STD MT, E MT, E transmisi otomatis ( AT), G MT, dan G AT. E STD MT berbanderol Rp 129,65 juta, E MT dijual Rp 132,45 juta, sedangkan E AT berlabel Rp 140 juta. Sementara itu, dua varian lain yakni G MT serta G AT masing-masing dilego dengan harga Rp 138 juta, Rp 150 juta.","Penjualan mobil Toyota Calya telah melampaui target penjualan yang ditetapkan. Henry Tanoto, Wakil Presiden Direktur PT Toyota Astra Motor mengatakan bahwa hingga 16 Agustus 2016 lebih dari 8.000 unit telah terjual. Calya varian G bertransmisi manual paling banyak diminati konsumen dengan harga yang dibanderol berkisar antara 120 hingga 150 juta Rupiah.",267,51,0.191,13
1496180700-meliuk-dengan-new-toyota-agya,teknologi,kumparan,"New Agya yang dapat pilihan mesin 1,2 liter melakoni pembuktian lewat Journalist Test Drive yang berlangsung di Yogyakarta pada 23 - 24 Mei 2017. Salah satu rangkaiannya adalah ` Fun Slalom ` di Landasan Pacu di Pantai Depok, Kabupaten Bantul, Yogyakarta. Sebanyak 19 jurnalis tiba di landasan pacu yang berada di pinggir pantai itu. Kami disambut dengan Alinka Hartanti, pebalap Toyota Tim Indonesia. Alinka kemudian menantang para jurnalis melakukan fun slalom untuk membuktikan sendiri kemampuan handling Agya. Alinka menantang sambil unjuk gigi. Agya 1,2 liter TRD berkelir kuning disiapkan di garis start. Mobil yang diuji coba memiliki spesifikasi tenaga 88 PS dan torsi 108 nm. Di depannya, terjejer rubber cone sebagai acuan untuk melakukan slalom. Baca juga: New Toyota Agya: Buat yang Mau Tampil Beda Dengan rambut terurai, Alinka masuk ke kabin mobil test drive. Pedal gas digenjot habis, Agya kuning melaju cepat. Mobil garang nan indah ini meliuk-liuk menaklukan tikungan satu demi satu. Dari 13 tikungan yang harus dilalui, Alinka mampu mencatatkan waktu 28 detik. Kemudian jurnalis satu per satu unjuk gigi di balik kemudi Agya. Mereka tampak girang meski saya yakin telah menguji handling puluhan jenis mobil. Durasi waktu paling lama yang ditempuh para jurnalis menaklukan tantangan slalom adalah 37 detik. Alinka sebagai drifter perempuan terbiasa berada di balik kemudi mobil drift untuk kejuaraan memuji handling Agya terbaru. “ Kaget, saat zig zag belok tidak understeer karena suspensinya lebih bagus, ” beber Alinka kepada kumparan ( kumparan.com). Mesin Agya mampu mengeluarkan tenaga besar meski harus melalui pengujian ekstrem. “ Agya baru yang berasa banget mesinnya 1200 cc lebih powerful terus torsinya berasa banget lebih besar, ” ungkap Alinka. “ Suspensinya lebih rigid, lebih enak dan tidak limbung seperti seri sebelumnya, ” beber pebalap Toyota Team Indonesia ini. Terbiasa berkutat dengan kecepatan dan kelincahan, Alinka tetap merekomendasikan new Agya untuk keseharian. Alinka membuktikan kekuatan mesin dan handling yang cakap dari mobil yang baru meluncur April 2017.","New Agya yang dapat pilihan mesin 1,2 liter melakoni pembuktian lewat Journalist Test Drive yang berlangsung di Yogyakarta pada 23 - 24 Mei 2017. Salah satu rangkaiannya adalah ` Fun Slalom ` di Landasan Pacu di Pantai Depok, Kabupaten Bantul, Yogyakarta. Agya 1,2 liter TRD berkelir kuning disiapkan di garis start. Mobil yang diuji coba memiliki spesifikasi tenaga 88 PS dan torsi 108 nm.",317,64,0.2019,24
1499822100-usai-tekuk-persib-madura-united-hadapi-ujian-berat,olahraga,cnn indonesia,"Jakarta, CNN Indonesia - - Madura United akan menghadapi ujian berat melawan Bhayangkara FC dalam pertandingan pekan ke - 14 Liga 1 di Stadion Patriot Candrabhaga, Kamis ( 13 / 7). Di pertandingan sebelumnya, Madura United menang 3 - 1 dari Persib di Stadion Stadion Gelora Ratu Pamelingan Pamekasan ( 9 / 7). Sedangkan Bhayangkara FC kalah 1 - 2 dari PSM Makassar di Stadion Andi Mattalatta ( 9 / 7). "" Ini jadwal yang sulit dan sangat mepet. Kami baru menjalani pertandingan yang cukup ketat lawan Persib, harus istirahatkan pemain. Pada Selasa ( 11 / 7) kami berangkat ke Bekasi dan tak sempat latihan, "" kata Manajer Madura United, Haruna Soemitro, kepada CNNIndonesia.com melalui sambungan telepon. "" Kami akan ambil risiko untuk rotasi pemain. Jadi saya pikir ini ujian bagi tim Madura United karena jadwal begitu dekat, "" katanya menambahkan. Madura United memiliki rekor penampilan yang lebih bagus dari Bhayangkara FC dalam lima pertandingan terakhir di Liga 1. Tim berjulukan Laskar Sape Kerrab tersebut memiliki catatan empat kemenangan dan satu kalah, sedangkan Bhayangkara FC mencatat tiga kemenangan dan dua kalah. "" Ya kalau lihat statistik itu berbeda, itu berlaku musim lalu. Madura sudah lakukan banyak perubahan. Hampir 60 persen berubah, "" ucap Haruna. Bila Madura United berada dalam kondisi yang tak prima karena jadwal pertandingan yang mepet, menurut Haruna, Bhayangkara FC juga memiliki permasalahan. Mereka bakal tak diperkuat pemain muda andalannya karena membela Timnas Indonesia U - 22. "" Ya, ada situasi berbanding terbalik. Pemain U - 22 mereka itu pilar Bhayangkara, "" ucapnya melanjutkan. Meski demikian, Haruna mengatakan Bhayangkara FC bukan tim sembarangan. "" Ada pilar lainnya seperti [ Thiago] Furtuoso, di tengah ada kuat pemain asing, sehingga saya pikir Bhayangkara masih cukup kuat. Tapi kami tetap optimistis, harapan kami ingin dapat poin, "" ujar Haruna.","Madura United akan menghadapi ujian berat melawan Bhayangkara FC dalam pertandingan pekan ke - 14 Liga 1 di Stadion Patriot Candrabhaga, Kamis ( 13 / 7). Di pertandingan sebelumnya, Madura United menang 3 - 1 dari Persib di Stadion Stadion Gelora Ratu Pamelingan Pamekasan ( 9 / 7). Sedangkan Bhayangkara FC kalah 1 - 2 dari PSM Makassar di Stadion Andi Mattalatta ( 9 / 7).",298,66,0.2215,20
1517344200-jadwal-praperadilan-fredrich-yunadi-diubah-ini-ala,tajuk utama,suara,"Suara.com - Pengadilan Negeri Jakarta Selatan menjadwalkan sidang perdana gugatan praperadilan yang diajukan oleh Fredrich Yunadi pada tanggal 5 Februari 2018. Penetapan jadwal tersebut lebih cepat dari jadwal sebelumnya yang dikeluarkan oleh PN Jakarta Selatan yang jatuh pada tanggal 12 Februari 2018. Terkait perubahan waktu sidang perdana tersebut, Humas PN Jakarta Selatan Achmad Guntur mengatakan gugatan pertama yang terdaftar dengan nomor 9/Pid. Pra/2018/PN Jkt. Jaksel yang jadwal sidangnya tanggal 12 Februari 2018 telah dicabut oleh pemohon. Baca_Juga "" Perkara tersebut diatas ( nomor 9) telah dicabut oleh Kuasa Pemohon melalui surat pada tanggal 23 Januari 2018 dengan alasan persidangannya terlalu lama, karena harus dipanggil dengan delegasi lewat PN Jakarta Barat, mengingat alamat Kuasa Pemohon berada di wilayah Jakarta Barat, "" katanya saat dihubungi, Senin ( 29 / 1 / 2018) malam. Achmad mengatakan setelah dicabut, Fredrich kembali mendaftarkannya. Namun, kali ini yang digunakan adalah alamat Kuasa hukum Fredrich yang beralamat di Jakarta Selatan. Setelah menerima pendafataran ulang tersebut, PN Jakarta Selatan pun menetapkan jadwal sidang perdana pada tanggal 5 Februari 2018. "" Setelah dicabut kemudian pada tanggal 24 Januari 2018 telah didaftarkan kembali oleh Kuasa Pemohon dengan alamat Kuasa Pemohon di wilayah Jakarta Selatan, dengan register perkara Nomor 11/Pid. Pra/2018/PN Jkt. Sel, "" jelas Achmad. PN Jakarta Selatan menunjuk H.Ratmoho sebagai hakim tunggal untuk menyidangkan gugatan bekas pengacara Setya Novanto tersebut. Penetapan hakim Ratmoho masih sama seperti sebelumnya, saat pendafataran gugatan pertama dilakukan Fredrich. "" Hakim yang menangani tetap H.Ratmoho, S.H., M.H. dan telah menetapkan hari sidang pertama pada hari 5 Februari 2018, "" katanya. Sebelumnya Komisi Pemberantasan Korupsi terkejut soal penetapan tanggal sidang perdana yang sebelumnya dijadwalkan tanggal 12 menjadi tanggal 5 Februari 2018. KPK heran, karena pendaftaran gugatan praperadilan kedua yang dilakukan setelah pendaftaran pertama justru jadwal sidangnya lebih cepat dari jadwal pertama. "" Baru saja biro hukum menerima surat dari PN Jaksel kembali untuk register perkara nomor 11 yang dijadwalkan tanggal 5 Februari. Tadi baru diterima suratnya oleh Biro Hukum KPK, "" kata juru bicara KPK Febri Diansyah, Senin ( 29 / 1 / 2018). "" Agak di luar kebiasaan pencabutan permohonan dan memasukan permohonan baru justru jadwal dipercepat ( dari 12 Februari menjadi 5 Februari), "" sambung Febri. Fredrich ditetapkan sebagai tersangka dalam kasus dugaan menghalangi penyidikan kasus e - KTP dengan tersangka Setya Novanto oleh KPK. Fredrich diduga merekayasa kecelakaan Novanto hingga memanipulasi hasil pemeriksaan medis Novanto bersama dengan dokter Rumah Sakit Medika Permata Hijau Bimanesh Sutarjo.","Pengadilan Negeri Jakarta Selatan menjadwalkan sidang perdana gugatan praperadilan yang diajukan oleh Fredrich Yunadi pada tanggal 5 Februari 2018. Penetapan jadwal tersebut lebih cepat dari jadwal sebelumnya yang dikeluarkan oleh PN Jakarta Selatan yang jatuh pada tanggal 12 Februari 2018. Terkait perubahan waktu sidang perdana tersebut, Humas PN Jakarta Selatan Achmad Guntur mengatakan gugatan pertama telah dicabut oleh pemohon.",402,59,0.1468,21
1508868900-gerindra-jabar-benarkan-deddy-mizwar-kembali-jalin,tajuk utama,cnn indonesia,"Jakarta, CNN Indonesia - - Ketua DPD Gerindra Jabar Mulyadi menegaskan, Gerindra belum menentukan calon yang akan diusung dalam Pilgub Jawa Barat 2018. Hal itu menanggapi adanya pertemuan antara Deddy Mizwar dengan pengurus DPD Gerindra Jabar. "" Gerindra belum memutuskan siapa pun ( dalam Pilgub Jabar), "" ujar Mulyadi kepada CNNIndonesia.com, Senin ( 23 / 10). Mulyadi mengatakan, pertemuan antara Deddy dengan DPD Gerindra Jabar hanya sebatas silaturahmi belaka. Pertemuan yang dihadiri segenap pengurus DPD Gerindra Jabar itu dilakukan di kantor DPD Gerindra Jabar, Bandung, sore tadi. Di sisi lain, Mulyadi menyampaikan, Gerindra saat ini masih mencari sosok yang direkomendasikan Ketua Umum Prabowo Subianto. Sosok cagub yang diminta Prabowo, kata dia, harus berasal dari internal atau memiliki peluang menang telak di Pilgub Jabar. "" Gerindra masih terus mencari. ( DPD Gerindra) Jabar sedang menjalankan arahan ketum terkait kandidat. Utamanya harus kader dan berpotensi menang tinggi dalam Pilgub, "" ujarnya. Terkait hal itu, Mulyadi menambahkan, Gerindra akan menyampaikan rekomendasi Pilgub Jabar paling lambat pada Desember 2017. Sebelumnya, DPD Gerindra Jabar akan menarik dukungannya terhadap pasangan calon Gubernur dan Wakil Gubernur yang akan diusung Gerindra - PKS, Deddy Mizwar dan Ahmad Syaikhu. Penarikan dukungan dilakukan lantaran DPD Gerindra Jabar tidak pernah diajak bicara untuk mengusung pasangan Demiz - Syaikhu. Deddy Mizwar merupakan salah satu kandidat yang diunggulkan untuk maju dalam Pilgub Jabar 2018. Selama ini, Deddy kerap dikaitkan dengan Gerindra dan PKS. Empat bulan lalu, dalam survei yang digelar Poltrcaking Indonesia, nama Deddy Mizwar masuk lima besar tokoh yang diunggulkan untuk Pilgub Jabar 2018. ( djm / djm)","Ketua DPD Gerindra Jabar Mulyadi menegaskan, Gerindra belum menentukan calon yang akan diusung dalam Pilgub Jawa Barat 2018. Hal itu menanggapi adanya pertemuan antara Deddy Mizwar dengan pengurus DPD Gerindra Jabar. Mulyadi mengatakan, pertemuan antara Deddy dengan DPD Gerindra Jabar hanya sebatas silaturahmi. Pertemuan yang dihadiri pengurus DPD Gerindra Jabar itu dilakukan di kantor DPD Gerindra Jabar, Bandung, kemarin sore.",256,60,0.2344,17
1509759900-chuwi-kembali-luncurkan-replika-surface-bernama-co,teknologi,dailysocial.id,"Sampai di tahun 2017 ini, nama Chuwi mungkin masih terdengar asing di telinga Anda. Pabrikan asal Tiongkok ini sudah beberapa kali menelurkan kloningan perangkat - perangkat ternama, termasuk Chuwi SurBook, yang tanpa kita amati wujudnya saja sudah bisa diasumsikan sebagai pendompleng Microsoft Surface. Namun mari kita lupakan sejenak hobi meniru Chuwi, lalu ganti membahas produk terbarunya, yakni CoreBook. Secara konsep, CoreBook memang masih seperti Surface, berwujud tablet dan datang bersama keyboard cover; hanya saja aksesori ini sekaligus berperan sebagai kickstand, dengan tingkat kemiringan maksimum 165 derajat. Kendati demikian, masih ada sejumlah perbedaan yang cukup mencolok. Utamanya lapisan luar layar kaca 2.5D yang melengkung di bagian ujung dan terlihat menyatu dengan bodi perangkat. Gaya desain semacam ini umum kita dapati di smartphone, tapi masih tergolong cukup langka untuk tablet. Layarnya sendiri merupakan panel 13,3 inci beresolusi full - HD, dengan lapisan laminasi yang membantu mewujudkan display yang cerah sekaligus jernih karena tidak ada lagi celah di antara panel display dan lapisan kaca. Pemandangan yang tak kalah menarik adalah sebuah tombol di bagian bezel bawah layar. Tombol ini rupanya juga berperan sebagai sensor sidik jari, yang lucunya, Chuwi sebut dengan istilah Touch ID. Mungkin penamaan ini didasari oleh keputusan Apple mengganti Touch ID dengan Face ID pada iPhone X. Kemungkinan lain, Chuwi masih belum bisa move on sepenuhnya dari hobi menirunya. Dibandingkan produk-produk Chuwi sebelumnya yang mengandalkan prosesor Intel seri Atom atau Celeron, CoreBook jauh lebih unggul karena mengemas prosesor Core m3 - 7Y30. Melengkapi spesifikasinya adalah RAM 6 GB dan kapasitas penyimpanan berbasis eMMC sebesar 128 GB. Banderol harga dan jadwal perilisannya masih belum diketahui, sebab Chuwi berencana menawarkannya melalui situs crowdfunding Indiegogo dalam waktu dekat. Oh ya, perangkat ini sepertinya juga bakal datang bersama stylus dengan 1.024 tingkat pressure sensitivity. Sumber: SlashGear dan Chuwi. DailySocial.id adalah portal berita startup dan inovasi teknologi. Kamu bisa menjadi member komunitas startup dan inovasi DailySocial.id, mengunduh laporan riset dan statistik seputar teknologi secara cuma-cuma, dan mengikuti berita startup Indonesia dan gadget terbaru.","Pabrikan asal Tiongkok, Chuwi, beberapa kali menelurkan kloningan perangkat - perangkat ternama, termasuk Chuwi SurBook, yang wujudnya mirip Microsoft Surface. Kini, Chuwi juga mengeluarkan tablet sejenis bernama CoreBook. Dibandingkan produk-produk Chuwi sebelumnya yang mengandalkan prosesor Intel Atom atau Celeron, CoreBook jauh lebih unggul karena mengemas prosesor Core m3 - 7Y30. Melengkapi spesifikasinya adalah RAM 6 GB dan kapasitas penyimpanan berbasis eMMC sebesar 128 GB.",328,64,0.1951,18
1512536400-kapal-roro-jumbo-siap-beroperasi-di-pelabuhan-mera,tajuk utama,cnn indonesia,"Jakarta, CNN Indonesia - - Kapal Roll On-Roll Off ( RoRo) berukuran 5.000 Gross Ton ( GT) akan digunakan di Pelabuhan Merak, Banten, pada 2018, untuk mendukung akses transportasi Jawa dan Sumatra. "" Pelabuhan penyebrangan sendiri, karena target ( tol trans Jawa dan Sumatra) selesai 2019, maka kapal yang 5.000 GT, itu harus beroperasi tahun 2018, "" kata Sekretaris Jenderal ( Sekjen) Kementrian Perhubungan ( Kemenhub) Sugihardjo, saat ditemui di Kota Serang, Senin ( 04 / 12). Sebagai informasi, Kapal Ro - Ro adalah kapal yang bisa memuat kendaraan yang berjalan masuk ke dalam kapal dengan penggeraknya sehingga mampu keluar-masuk sendiri. Sugihardjo mengungkapkan, pihaknya menyarankan pengelola proyek pembangunan Dermaga VI Pelabuhan Merak menggandeng investor swasta. Nantinya, Dermaga VI akan menjadi dermaga kelas premium. Dalam sejarahnya, gerbong kereta api pernah diangkut dari Pelabuhan Merak menuju Bakauheni dari Stasiun Merak. Pasalnya, di dalam kapal RoRo terdapat jalur kereta api yang langsung terhubung ke Stasiun Merak. "" Nah kalau dulu, orang tua kita dulu tahulah, kereta dari Merak bisa menyebrang ke Bakauheni, jadi kapal itu ada rel nya. Kereta itu dari merak masuk kapal penyebrangan, "" terangnya. Dalam kesempatan tersebut, pihaknya mengaku masih terus membahas pengaktifan kembali jalur kereta api yang telah mati di Provinsi Banten. Bahkan Kemenhub berencana untuk meneruskan pembangunan double track di rute Jakarta - Rangkasbitung - Merak. "" Itu masih dalam program, hanya kita menyesuaikan dengan anggaran, jadi kita lihat. Semuanya kita targetkan selesai 2019, nanti kita evaluasi, "" ujarnya. ( Yan) ( lav / lav)","Kapal Roll On-Roll Off ( RoRo) berukuran 5.000 Gross Ton ( GT) akan digunakan di Pelabuhan Merak, Banten, pada 2018, untuk mendukung akses transportasi Jawa dan Sumatra. Kapal Ro - Ro adalah kapal yang bisa memuat kendaraan yang berjalan masuk ke dalam kapal dengan penggeraknya sehingga mampu keluar-masuk sendiri. Pasalnya, di dalam kapal RoRo terdapat jalur kereta api yang langsung terhubung ke Stasiun Merak.",247,64,0.2591,15
1492221624-anniesa-hasibuan-hadirkan-koleksi-bertabur-sakura,hiburan,kumparan,"Tak terasa, sebentar lagi kita semua akan segera memasuki bulan Ramadhan. Sudah mempersiapkan diri kamu untuk segera berpuasa di bulan yang suci ini? Selain berpuasa selama satu bulan penuh, di bulan Ramadhan kamu juga akan disibukkan dengan sejumlah kegiatan. Mulai dari mempersiapkan aneka hidangan berbuka puasa, menu sahur, mudik, hingga berbelanja kue kering serta aneka pernak pernik khas Lebaran lainnya. Namun satu hal yang tak boleh terlewat adalah baju baru. Akan segera bertemu dengan seluruh anggota keluarga besar untuk saling bermaaf-maafan, tentunya kamu ingin tampil cantik dan menawan, bukan? Salah satu desainer hijab yang terkenal di Tanah Air adalah Anniesa Hasibuan. Desainer muslim pertama yang berhasil mencetak sejarah menampilkan busana muslim di New York Fashion Week ini digemari karena gaya rancangannya yang glamor dan feminin. Jika kamu merupakan salah seorang pengagum karya perempuan kelahiran 30 Juli 1986 ini, kumparan membawa kabar gembira untuk kamu. Pasalnya, koleksi cantik Anniesa Hasibuan sudah bisa kamu temui di Metro Departement Store. Kini, kamu yang ingin mendapatkan busana ready to wear rancangan Anniesa Hasibuan tak harus mengunjungi butiknya yang terletak di jalan Bangka Raya 20, Kemang. Kamu bisa langsung mendatangi counter Anniesa Hasibuan yang terletak di dua mal, yaitu Plaza Senayan dan Pondok Indah Mal. Dan dalam rangka merayakan langkah barunya ini, Anniesa meluncurkan koleksi busana ready to wear bertajuk Flomix Collection. Koleksi modest wear ini didominasi oleh warna-warna pastel nan lembut. Seperti biru muda, peach, pink, dan putih. Bahan yang dipakai pun terdiri dari sifon dan sutra halus. Sedangkan soal gaya rancangan, koleksi yang terdiri dari 6 busana dan bisa di padu padan itu kental akan sentuhan Jepang. Hal ini tampak dari detail printing bunga sakura yang terpeta cantik dalam setiap rancangannya. Lengkap dengan aksen renda dan payet nan feminin, amat cocok untuk kamu kenakan pada hari Idul Fitri nanti. Untuk harga, koleksi ini dihargai mulai dari Rp 600 ribu hingga Rp 2 juta. "" Aku bikin yang limited edition, jadi untuk Metro Plaza Senayan dan Pondok Indah aku bikin sedikit berbeda, tapi dengan tema yang sama, "" ujar Anniesa Hasibuan saat ditemui pada acara peluncuran koleksinya di Metro Department Store, Plaza Senayan, Jakarta Pusat, Kamis ( 13 / 4). Hal ini diakui Anniesa karena dirinya merasa tak suka mengenakan busana yang banyak dipakai oleh orang lain. Anniesa juga menekankan bahwa koleksinya kali ini tak hanya bisa dikenakan oleh perempuan muslim yang berhijab saja, namun kamu yang tidak berhijab juga bisa. Kamu bisa mengintip langsung koleksi teranyar dan limited edition Anniesa Hasibuan langsung di Metro Department Store Plaza Senayan dan Metro Pondok Indah Mal.","Anniesa Hasibuan, desainer muslim pertama yang berhasil mencetak sejarah menampilkan busana muslim di New York Fashion Week ini digemari karena gaya rancangannya yang glamor dan feminin. Merayakan langkah barunya, Anniesa meluncurkan koleksi busana ready to wear bertajuk Flomix Collection. Lengkap dengan aksen renda dan payet nan feminin, amat cocok untuk kamu kenakan pada hari Idul Fitri nanti.",420,57,0.1357,24
1513154938-ilija-spasojevic-resmi-tinggalkan-bhayangkara-fc,olahraga,cnn indonesia,"Jakarta, CNN Indonesia - - Striker Timnas Indonesia, Ilija Spasojevic resmi hengkang dari klub juara Bhayangkara FC, Selasa ( 12 / 12). Kontrak pemain naturalisasi asal Montenegro bersama The Guardian pada musim lalu telah habis. Hal tersebut dikonfirmasi CEO Bhayangkara FC, Royke Lumowa dalam perayaan juara klub tersebut. Pihak Bhayangkara FC sendiri tidak mempersoalkan hengkangnya pemain utama mereka itu. "" Spaso juga akan ke kesebelasan lain, "" ujar Royke. Hilangnya Spaso tentu menjadi kerugian besar bagi tim asuhan Simon McMenemy itu. Pasalnya, penyerang 31 tahun itu merupakan salah satu pemain andalan klub tersebut. Pada Liga 1 2017 lalu, Spasojevic sukses mencetak 12 gol dan memberikan dua assist dalam 16 penampilannya selama putaran kedua. Kendati demikian, Bhayangkara FC tidak merasa khawatir dan yakin bisa mendapatkan pemain bagus lain. Menurut Royke, Spaso pergi dari Bhayangkara FC bukan karena faktor nilai kontrak, tetapi ingin membuka usaha di daerah baru. Klub di daerah itu pula yang akan menjadi pelabuhan barunya. "" Saya yakin, ini bukan masalah pembayaran. Dia bilang masalah pekerjaan. Dia ingin buat usaha di daerah itu. Dia juga sudah pamitan bersama keluarganya, "" ucap Royke. Kini, ke mana pemain berjuluk Spasogol itu berlabuh masih menjadi teka-teki. Sebagian menyebut, mantan pemain Mitra Kukar dan PSM Makassar itu akan bergabung dengan Persib Bandung. Walaupun, sebelumnya Spasojevic juga santer dikabarkan akan pindah ke Bali United sebagai pengganti Sylvano Comvalius. "" Peluang Spaso ke Persib tetap ada. Dia menjadi banyak buruan klub Liga 1, termasuk juga dari luar, karena dia bisa menjadi kuota pemain Asia, "" ucap agen Spasojevic, Gabriel Budi. Namun, baru-baru ini, Spaso menggunggah foto kebersamaannya dengan Datuk Yusoff Mahadi, mantan petinggi klubnya, Melaka, yang kini menjadi Wakil Presiden Asosiasi Sepak Bola Malaysia. Unggahan itu justru mendapat respons dari suporter Melaka yang beharap Spaso kembali ke klub tersebut. ( bac)","Striker Timnas Indonesia, Ilija Spasojevic resmi hengkang dari klub juara Bhayangkara FC, Selasa ( 12 / 12). Kontrak Spaso bersama The Guardian musim lalu telah habis. Hal tersebut dikonfirmasi CEO Bhayangkara FC, Royke Lumowa. Menurut Royke, Spaso pergi dari Bhayangkara FC bukan karena faktor nilai kontrak, tetapi ingin membuka usaha di daerah baru. Klub di daerah itu pula yang akan menjadi pelabuhan barunya.",296,63,0.2128,23
1508045016-selundupkan-sabu-lewat-buku-novel-wanita-dan-dua-r,tajuk utama,poskotanews,"JAKARTA ( Pos Kota) – Tiga pengedar sabu jaringan internasional yang dikendalikan seorang ibu rumah tangga digulung tim Subdit I Ditresnarkoba Polda Metro Jaya. Mereka ditangkap di tiga lokasi berbeda di kawasan Jakarta Timur dan Jakarta Pusat. Dari pelaku polisi mengamankan 1.766,63 gram sabu. Tiga tersangka yakni LT alias Dodi, FL alias Agus alias Ambon, dan seorang ibu rumah tangga EMR alias Ria. Jaringan ini dalam setiap aksinya berusaha mengelabui petugas dengan memasukkan sabu ke buku Novel asal Malaysia yang telah diberi lobang pada bagian tengah buku dan bekas bungkus pembersih wajah atau bekas bungkus sabun mandi. Kabid Humas Polda Metro Jaya Kombes Argo Yuwono mengatakan, pengungkapan jaringan ini berawal dari informasi yang diperoleh Kasubdit I Dotresnarkoba Polda Metro Jaya AKBP Jean Calvijn Simanjuntak bersama Kanit 3 Kompol Arman dan Katimsus Subdit I Ditresnarkoba Polda Metro Jaya AKP Gunarto, bahwa akan ada transaksi narkoba di Jalan TB Simatupang, Susukan, Ciracas, Jakarta Timur, Rabu, ( 4 / 10 / 2017). Saat diintai, ternyata benar tersangka Dodi terlihat masuk ke taksi menemui Ria, tidak berselang lama Dodi keluar dari taksi dan membawa tas hitam. “ Saat ditangkap, anggota menemukan barang bukti narkotika jenis sabu seberat 89,30 gram yang disimpan dalam bungkus sabun dan dimasukkan ke tas, ” kata Argo s di Mapolda Metro Jaya, Sabtu, ( 14 / 10 / 2017). Kemudian, anggota mengejar Ria dan dibekuk di Jalan TB Simatupang, Susukan, Ciracas, Jakarta Timur tidak jauh dari penangkapan Dodi. Dari tangan ibu rumah tangga ini anggota menyita barang bukti sabu seberat 50,15 gram yang dimasukkan ke kotak bekas pelembab terbungkus tisu. Saat diinterogasi, Ria mengaku masih memiliki sabu yang disimpan di rumah kontrakannya di Jalan Haji Musa, Jatimurni, Jatimelati, Bekasi, Jawa Barat. “ Pada saat digeledah dari dapur tersangka ditemukan 19 bungkus plastik berisi sabu dengan total 1561,53 gram yang dimasukkan ke tiga buku yang diberi lobang bagian tengahnya dan dimasukkan ke tas, ” tutur Argo. Pengakuan Ria, sebelumnya ia juga sempat menyerahkan sabu kepada FL alias Agus. Pada hari itu juga Agus dibekuk di rumah kos -nya di Jalan Dwi Warna, Jakarta Pusat, dan ditemukan sabu sebanyak 115,8 gram. Kasubdit I Dotresnarkoba Polda Metro Jaya AKBP Jean Calvijn Simanjuntak menjelaskan, dari hasil keterangan Ria setiap mengambil sabu menerima upah antara Rp 1 juta hingga Rp 2 juta yang dikirim secara transfer tergantung jumlah sabu yang diambil. “ Setiap mengantar sabu ke pembeli dengan jumlah di bawah 500 gram saudari Ria menerima upah Rp 600 ribu. Jika mengantar sabu di atas 500 gram ia menerima upah Rp 1 juta, ” kata Jean. Diduga kuat sabu berasal dari negeri Jiran Malaysia berdasarkan buku novel yang dipakai untuk menyimpan narkoba. “ Diduga kuat seperti itu ( dari Malaysia), tentu pengemasannya di sana dan buku ini harganya ringgit, kita akan dalami sudah ada beberapa petunjuk, ” pungkasnya. Pelaku diancam Pasal 114 ayat 2 subsider Pasal 112 ayat 2 juncto Pasal 132 ayat 1 Undang-Undang RI Nomor 35 tahun 2009 tentang narkotika dengan ancaman maksimal 20 tahun pidana. ( Yendhi)","Tiga pengedar sabu jaringan internasional berinisial LT, FL dan seorang peremuan berinisial EMR digulung tim Subdit I Ditresnarkoba Polda Metro Jaya. Mereka ditangkap di tiga lokasi berbeda di kawasan Jakarta Timur dan Jakarta Pusat. Polisi mengamankan 1.766,63 gram sabu. Jaringan ini berusaha mengelabui petugas dengan memasukkan sabu ke buku Novel asal Malaysia dan bekas bungkus pembersih wajah atau sabun mandi.",495,60,0.1212,21
1506286604-bundesliga-hoffenheim-2-0-schalke-04,olahraga,antaranews,"Berlin ( ANTARA News) - Hoffenheim mengalahkan Schalke 04 dengan skor 2 - 0 melalui gol pada tiap-tiap babak pada Sabtu yang membuat mereka untuk sementara memuncaki klasemen Liga Jerman, di mana Borussia Dortmund, yang tertinggal satu poin, baru bertanding pada Sabtu malam. Sepakan rendah Dennis Geiger membawa mereka memimpin pada menit ke - 13 dan Lukas Rupp menambahi satu gol lagi menjelang pertandingan usai untuk membuat tim asuhan Julian Nagelsmann yang belum terkalahkan meraih kemenangan keempat mereka dari enam pertandingan liga, mendongkrak mereka mengoleksi 14 angka. Schalke, yang kini telah kalah tiga kali dari enam pertandingan, turun ke peringkat ketujuh dengan sembilan poin. Borussia Dortmund, yang mengoleksi 13 poin, dapat merebut kembali posisi teratas dengan hasil imbang atau kemenangan di markas Borussia Moenchengladbach pada Sabtu malam. Dortmund, yang akan melawan Real Madrid di Liga Champions pekan depan, belum kemasukan satu gol pun di liga musim ini. RB Leipzig, runner up liga musim lalu, menang 2 - 1 atas Eintracht Frankfurt untuk mencatatkan kemenangan pertama mereka dari tiga pertandingan dan naik ke peringkat keenam dengan sepuluh poin. Juara bertahan Bayern Munich turun ke peringkat ketiga dengan 13 poin setelah menyia-nyiakan keunggulan dua gol untuk kemudian bermain imbang 2 - 2 dengan VfL Wolfsburg pada Jumat. ( Uu. SYS / C / H - RF / C / I015).","Hoffenheim mengalahkan Schalke 04 dengan skor 2 - 0 pada Sabtu yang membuat mereka untuk sementara memuncaki klasemen Liga Jerman, di mana Borussia Dortmund, baru bertanding pada Sabtu malam. Gol Hoffenheim dicetak Dennis Geiger pada menit ke - 13 dan Lukas Rupp jelang laga usai. Sementara Schalke, yang kini telah kalah tiga kali dari enam pertandingan, turun ke peringkat ketujuh dengan sembilan poin.",218,63,0.289,8
1494527083-pemerintahan-prancis-pimpinan-hollande-mengundurka,tajuk utama,kumparan,"Presiden Prancis Francois Hollande mengumumkan pengunduran dirinya beserta kabinet yang dipimpinnya pada Rabu ( 10 / 5) waktu setempat. Hal ini menyusul dikeluarkannya hasil lengkap pemilu Prancis yang dimenangkan Emmanuel Macron. Hollande juga mengatakan bahwa dirinya telah meminta sejumlah menteri di pemerintahannya untuk menyelesaikan tugas - tugas mereka, hingga nantinya digantikan oleh anggota pemerintahan baru pimpinan Macron. "" Saya meminta agar anda menangani tugas saat ini sampai pemerintahan yang baru terbentuk, "" ujar Hollande dalam sebuah surat kepada Perdana Menteri Bernard Cazeneuve, seperti diberitakan Reuters, Kamis ( 11 / 5). Untuk diketahui, pengunduran diri di pemerintahan Prancis merupakan tradisi yang dijalankan setelah hasil pemilihan presiden disahkan oleh Mahkamah Konstitusi negara tersebut. Macron sendiri akan memulai jabatannya sebagai presiden Prancis pada Minggu ( 14 / 5), namun dia belum mengumumkan pembentukan kabinet barunya. Baca juga: Macron Dilantik Jadi Presiden Prancis 14 Mei Macron mengalahkan pesaingnya dari sayap kanan ekstrem, Marine Le Pen. Perkiraan lembaga riset Elabe memperlihatkan kandidat dari jalur independen ini menang dalam pemilihan tersebut dengan mengantungi 65,9 persen suara, sementara Le Pen memperoleh 34,1 persen.","Presiden Prancis Francois Hollande mengumumkan pengunduran dirinya beserta kabinet yang dipimpinnya pada Rabu ( 10 / 5) waktu setempat. Hal ini menyusul dikeluarkannya hasil lengkap pemilu Prancis yang dimenangkan Emmanuel Macron. Hollande juga mengatakan bahwa dirinya telah meminta sejumlah menteri di pemerintahannya untuk menyelesaikan tugas - tugas mereka, hingga nantinya digantikan oleh anggota pemerintahan baru pimpinan Macron.",176,57,0.3239,9
1517730300-viral-di-medsos-tiga-perempuan-penganiaya-bocah-di,tajuk utama,poskotanews,"JAKARTA – Jajaran Ditreskrimsus Polda Metro Jaya mengungkap kasus dugaan penganiayaan terhadap seorang bocah Sekolah Dasar ( SD) berinisial B berusia 8 tahun. Tiga tersangka ditangkap setelah video rekaman kondisi tubuh korban viral di media sosial. Kepala Bidang Hubungan Masyarakat Polda Metro Jaya Kombes Argo Yuwono Sabtu ( 3 / 1 / 2018) membenarkan penangkapan tersebut oleh jajaran Diteskrimsus Polda Metro Jaya,. Namun, Argo belum bisa menceritakan secara rinci nama dan kronologis penangkapan. “ Iya benar, sudah ditangkap pelakunya, ” kata Argo saat dikonfirmasi wartawan, Sabtu ( 3 / 2). Argo sebut, berdasarkan rekaman video diduga penganiayaan terhadap korban dilakukan oleh ibu kandungnya dan sudah terjadi beberapa bulan. “ Dia ( korban) merasakan bahwa selama beberapa bulan hampir setahun dia mengalami penyiksaan oleh ibu kandungnya. Jadi ada luka lebam di mata, luka di sekujur tubuh badan. Kemudian disiram air panas di tangannya terlihat di video lukanya, ” kata Argo. “ Jadi kemarin dari Cyber Polda Metro Jaya Ditkrimsus melakukan penyelidikan dan kemarin sudah mendapatkan lokasinya ada di Kuningan Jawa Barat, ” lanjut Argo menyudahi. Dihubungi terpisah, Kasubdit Cyber Crime Ditreskrimsus Polda Metro Jaya AKBP Roberto Pasaribu menyebut ada tiga orang yang ditangkap bersarkan patroli cyber yang dilakukan penyidik. Meski begitu, ia tidak jelaskan siapa saja pelaku tersebut. “ Ketiga orang tersebut sedang diperiksa, ” kata Roberto. Tiga pelaku yang ditangkap semuanya perempuan. Dua pelaku diringkus di Desa Cikubangsari, Kuningan, Jawa Barat, yaitu MA dan SA sementara satu orang lagi di kawasan Kemayoran, Jakarta Pusat, yaitu LS. Berdasarkan informasi yang dihimpun, korban tidak hanya menjadi korban penganiayaan melainkan juga korban penculikan, penelantaran, dan perdagangan anak. Kasus tersebut terungkap setelah video kondisi korban beredar luas di media sosial. ( Yendhi / b)","Jajaran Ditreskrimsus Polda Metro Jaya mengungkap kasus dugaan penganiayaan terhadap seorang bocah SD berinisial B berusia 8 tahun. Tiga tersangka ditangkap setelah video rekaman kondisi tubuh korban viral di media sosial. Kabid Humas Polda Metro Jaya Kombes Argo Yuwono membenarkan penangkapan tersebut oleh jajaran Diteskrimsus Polda Metro Jaya. Namun, Argo belum bisa menceritakan secara rinci nama dan kronologis penangkapan.",280,59,0.2107,18
1501485127-tuntaskan-kasus-novel-jokowi-panggil-kapolri-besok,tajuk utama,cnn indonesia,"Jakarta, CNN Indonesia - - Presiden Joko Widodo menyatakan akan memanggil Kapolri Jenderal Tito Karnavian besok soal penuntasan kasus penyiraman air keras pada Novel Baswedan. Sudah 100 hari lebih sejak penyidik senior Komisi Pemberantasan Korupsi itu diserang orang tak dikenal, namun sampai saat ini kasusnya belum terungkap. "" Kemarin saya sudah menyampaikan ke Kapolri, besok mau menghadap, ” kata Jokowi di Setu Babakan, Jakarta Selatan saat menghadiri Lebaran Betawi, Minggu ( 30 / 7). Karena itu Jokowi sampai saat ini belum bisa memberikan pernyataan detil soal kasus Novel. Saat ini Novel masih menjalani perawatan pada matanya yang terkena air keras. Matanya sebelah kiri dikabarkan mengalami kerusakan serius dan harus dioperasi. Meski penyiraman air keras ke Novel sudah terjadi lebih dari tiga bulan yang lalu, Polda Metro Jaya belum menemukan titik terang terkait identitas pelaku. Tiga terduga pelaku sempat diamankan, namun dilepaskan kembali. Meski demikian, polisi mengklaim sudah mengantongi sketsa wajah terduga pelaku penyerangan Novel. Sketsa itu sudah diserahkan Kapolri Jenderal Tito Karnavian kepada pimpinan KPK. Berbagai desakan dilayangkan agar Jokowi bersikap untuk penutasan kasus ini. Juru bicara KPK Febri Diansyah menyebut, jika Jokowi ingin membentuk tim independen, maka akan banyak pihak yang mendukungnya. Sebelumnya Koalisi Masyarakat Sipil Peduli KPK mendesak Jokowi membentuk Tim Gabungan Pencari Fakta ( TGPF) untuk kasus Novel. Sementara Ketua Pimpinan Pusat Pemuda Muhammadiyah, Dahnil Anzar Simanjuntak mengatakan, pihaknya telah memiliki beberapa fakta penting terkait kasus Novel. Dia menegaskan siap membantu TGPF jika memang akan dibentuk Jokowi. Dahnil menduga, lambatnya penanganan kasus Novel bukan karena Polri tidak mampu mengungkap. Dia menilai ada banyak kepentingan di tubuh Polri yang memengaruhi laju pengungkapan kasus Novel. Oleh karena itu, lanjut Dahnil, TGPF independen perlu dibentuk sebagai jalan keluar mandeknya pengungkapan kasus Novel di kepolisian.","Presiden Joko Widodo menyatakan akan memanggil Kapolri Jenderal Tito Karnavian besok soal penuntasan kasus penyiraman air keras pada Novel Baswedan. Sudah 100 hari lebih sejak penyidik senior Komisi Pemberantasan Korupsi itu diserang orang tak dikenal, namun sampai saat ini kasusnya belum terungkap. "" Kemarin saya sudah menyampaikan ke Kapolri, besok mau menghadap, ” kata Jokowi. Minggu ( 30 / 7).",284,60,0.2113,18
1505429756-ribuan-botol-miras-narkoba-dimusnahkan-di-bekasi,tajuk utama,poskotanews,"BEKASI ( Pos Kota) - Ribuan botol minuman keras [ miras] dan sejumlah narkoba dimusnahkan di Plaza Pemerintah Kota Bekasi, Kamis ( 14 / 9 / 2017) pagi. Pemusnahan dipimpin Wakil Walikota Bekasi Ahmad Syaikhu dan dihadiri Kepala Kejaksaan Negeri Bekasi Didik Suhardi, Kasat Reserse Narkoba Polrestro Bekasi Kota, Kompol Ujang Rohanda dan Komandan Dandim 0507/Bekasi, Letkol Inf. Wawan Kusnendar. Ahmad Syaikhu mengatakan, pemusnahan barang haram ini menunjukkan komitmen unsur muspida dalam memerangi narkoba dan penyakit masyarakat yang menjual minuman beralkohol. “ Narkoba dan minuman beralkohol merupakan ancaman dan musuh bersama pemerintah dan masyarakat. Untuk itu perlu kita perangi persoalan tersebut, ” ujar Syaikhu. Ada 3.036 botol miras; 8,8 kilogram ganja, empat butir pil ekstasi; 391,8 gram sabu dan 219 butir pil ekstasi serta ratusan ratusan bungkus obat kadaluarsa yang dimusnakan petugas. Seluruh perkaranya sudah selesai di Pengadilan Negeri Bekasi. Sementara para tersangka, telah mendekam di Lembaga Pemasyarakatan Bulak Kapal, Bekasi Timur, Kota Bekasi. Syaikhu menambahkan, pemerintah daerah telah melakukan berbagai upaya dalam memerangi persoalan tersebut. Salah satunya menggiatkan sosialisasi tentang bahaya narkoba di elemen masyarakat dan pelajar di sejumlah sekolah setempat. Bahkan aparat Satpol PP Kota Bekasi kerap merazia sejumlah tempat yang dianggap mengedarkan minuman beralkohol. Syaikhu mengimbau, kepada Satuan Perangkat Daerah ( SKPD) di Kota Bekasi agar bersama-sama melakukan pengawasan peredaran miras di wilayah setempat. Dia juga meminta agar pelaku usaha dan masyarakat untuk mematuhi aturan yang berlaku. “ Diharapkan pemusnahan barang bukti minuman keras ini dapat memberikan teguran keras bagi penjual yang tidak mematuhi, ” ujar Syaikhu. Kasat Serse Narkoba Polrestro Bekasi Kota Kompol Ujang Rohanda menambahkan, pihaknya terus melakukan pengawasan dengan menyebar anggota di titik-titik yang berpotensi adanya peredaran narkoba. Namun Ujang enggan membeberkan titik itu dengan alasan untuk kepentingan pengungkapan kasus. “ Ada beberapa titik yang rutin diawasi anggota Polres dan Polsek. Kita sudah ketahui bersama bahwa pemerintah memerangi narkoba, ” kata Ujang. ( saban / sir)","Ribuan botol minuman keras dan sejumlah narkoba dimusnahkan di Plaza Pemerintah Kota Bekasi, Kamis ( 14 / 9 / 2017) pagi. Seluruh perkaranya sudah selesai di PN Bekasi. Sementara para tersangka, telah mendekam di Lembaga Pemasyarakatan Bulak Kapal, Bekasi Timur, Kota Bekasi. Pemusnahan dipimpin Wakil Walikota Bekasi Ahmad Syaikhu dan dihadiri Kepala Kejaksaan Negeri Bekasi, Kasat Reserse Narkoba Polrestro Bekasi Kota dan Komandan Dandim 0507/Bekasi.",312,65,0.2083,20
1482136219-verizon-berniat-seret-yahoo-ke-meja-hijau-akibat-p,teknologi,cnn indonesia,"Jakarta, CNN Indonesia - - Akibat peretasan satu miliar akun, Yahoo terancam kehilangan posisi tawar menghadapi akuisisi Verizon. Reuters mengabarkan, Verizon sedang merayu Yahoo untuk memangkas harga pembelian yang sebelumnya disepakati di angka US$ 4,8 miliar. Aksi peretasan Yahoo yang terjadi pada Rabu ( 14 / 12), dinilai sebagai yang terbesar sepanjang masa. Alhasil, Yahoo terancam menghadapi penyelidikan federal Amerika Serikat. Situasi ini dimanfaatkan oleh Verizon terkait rencana akuisisi mereka terhadap bisnis inti internet Yahoo yang terdiri dari mesin pencari, media, dan Yahoo Mail. Meski kesepakatan sudah terjalin sejak Juli di angka US$ 4,8 miliar atau Rp 64 triliun, Verizon bermanuver bertolak dari dua kali peretasan yang diderita Yahoo. Sumber Reuters bahkan menyebutkan Verizon bakal menyeret Yahoo ke meja persidangan apabila perusahaan tersebut tak mau menurunkan harga klausul pembelian. Sebenarnya Verizon telah mempertimbangkan ulang harga akuisisi sejak Oktober, tak lama setelah Yahoo mengalami peretasan yang pertama. "" Kami yakin dengan nilai Yahoo dan kami masih meneruskan rencana integrasi bersama Verizon, "" ucap juru bicara Yahoo menanggapi upaya negosiasi ulang dengan Verizon. Jalur meja hijau kerap menjadi senjata ampuh bagi sebuah perusahaan yang ingin memaksa target akuisisinya menegosiasi ulang nilai akuisisi. Cara ini terbilang mudah meski sulit terwujud karena dampak dari peretasan biasanya tak seketika nampak. Tak lama setelah Yahoo mengumumkan ada peretasan, nilai saham mereka langsung meluncur hingga 6 persen ke angka US$ 38,41. Hal sebaliknya terjadi dengan Verizon. Nilai saham operator seluler terbesar AS ini naik sedikit 0,4 persen menjadi US$ 51,81. Pada Oktober lalu, Verizon sudah meminta Yahoo mengurangi US$ 1 miliar dari total nilai kesepakatan merespon kasus peretasan pertama. Namun permintaan tersebut tidak digubris oleh Yahoo. Perusahaan yang berbasis di Sunnyvale, California ini mengatakan aksi peretasan kali ini didalangi oleh tokoh yang sama seperti kasus serupa yang terjadi September silam. "" Kami percaya ada campur tangan pihak ketiga yang terlibat dalam aksi ini, pelaku yang sama seperti yang melakukan aksi peretasan pada bulan Agustus 2013 dan berhasil membobol lebih dari satu miliar data akun pengguna, "" tulis Yahoo dalam sebuah pernyataan resminya. Aksi peretasan kali ini diniai lebih buruk dibanding sebelumnya karena Yahoo berasumsi peretas berhasil mengakses data terkait nama, alamat email, nomor telepon, kata sandi, pertanyaan keamanan lengkap dengan jawab alternatif baik yang terenkripsi maupun tidak. ( evn)","Akibat peretasan miliaran akun, Yahoo terancam kehilangan posisi tawar menghadapi akuisisi Verizon. Verizon sedang merayu Yahoo untuk memangkas harga pembelian yang sebelumnya disepakati di angka US$ 4,8 miliar. Verizon bakal menyeret Yahoo ke meja persidangan apabila perusahaan tersebut tak mau menurunkan harga klausul pembelian. Sebenarnya Verizon telah mempertimbangkan ulang harga akuisisi sejak Oktober, tak lama setelah Yahoo mengalami peretasan yang pertama.",372,61,0.164,20
1505436300-mengapa-catalunya-ingin-pisah-dari-spanyol,tajuk utama,kumparan,"Rakyat Catalunya bersikeras akan menggelar referendum kemerdekaan pada 1 Oktober mendatang walau mendapat penentangan dari pemerintah Spanyol. Pencegahan melalui konstitusi oleh Spanyol dijegal pemerintah regional Catalunya dengan menelurkan peraturan referendum kemerdekaan. Pekan ini, jutaan warga Catalunya turun ke jalan, menyuarakan kemerdekaan dari Spanyol. Sejak bertahun-tahun lalu, Catalunya ingin pisah dari Spanyol. Masyarakat Catalunya merasa bukan bagian dari Spanyol, ditilik dari berbagai sisi, seperti budaya, sejarah, dan ekonomi yang dirasa berbeda dengan Spanyol. Berikut penjabaran alasan mengapa Catalunya ingin berpisah dari spanyol: Sisi Sejarah Dari sisi sejarah, masyarakat Catalunya merasa berbeda dengan Spanyol. Catalunya di Abad Pertengahan adalah negara merdeka di Semenanjung Iberia - sekarang Spanyol dan Portugal - yang memiliki bahasa, hukum, dan adat yang berbeda. Wilayah Catalunya dan Aragon direbut dari tangan Ratu Aragon dan Ramon Berenguer, penguasa Barcelona, oleh Raja Philip V pada tahun 1714. Setahun kemudian, Raja Philip V menguasai seluruh Spanyol. Raja - raja kemudian ingin memaksakan bahasa dan hukum Spanyol di Catalunya. Tapi upaya itu berhenti pada 1931 dan kerajaan Spanyol membentuk kembali Generalitat, pemerintah nasional Catalunya. Kemudian kelompok separatis Catalunya mulai berkembang pesat. Tahun 1938 terjadi Perang Ebro antara separatis dan tentara Panglima Spanyol, Jenderal Fransisco Franco. Perang itu dimenangkan Spanyol dengan tewasnya 3.500 orang di Catalunya dan ribuan lainnya mengungsi. Franco meninggal dunia pada 1975 dan pada 1977, negara itu memeluk demokrasi. Catalunya kemudian diberikan status otonomi khusus. Seruan kemerdekaan dari wilayah di timurlaut Spanyol itu mulai kencang terdengar pada 2010 setelah Mahkamah Konstitusi Spanyol menghapuskan statuta otonomi pada 2006 yang mengatakan Catalunya bukan negara di dalam negara. Politik Peta politik di Catalunya berbeda dengan Spanyol. Pengaruh Partido Popular, Partai berkuasa pimpinan Perdana Menteri Spanyol Mariano Rajoy, sangat kecil di Catalunya, hanya ada di urutan nomor empat di antara partai lainnya. Sejak tahun 2014, upaya Catalunya merdeka digalang oleh Presiden Catalunya, Artur Mas, dari Partai Serikat dan Persatuan ( CiU). Namun pemerintahan CiU yang minoritas ingin kemerdekaan diperoleh melalui cara legal dan sesuai konstitusi. Upaya melalui hukum ini selalu diadang pemerintah pusat Spanyol. Karena itulah partai sayap kiri Catalunya, Esquerra Republicana de Catalunya ( ERC), ingin cara yang lebih ekstrem, yaitu tetap melakukan referendum kendati ditolak Spanyol, menetapkan kemerdekaan secara unilateral, dan mengancam tidak akan meloloskan undang-undang CiU jika referendum tidak digelar. Hasilnya, 1 Oktober mendatang Catalunya akan melakukan referendum walau dianggap inkonstitusional oleh Spanyol. Ekonomi Catalunya adalah jantung industrinya Spanyol, dengan kekuatan maritim terbesar, dan unggul dalam perdagangan barang jadi seperti tekstil. Saat ini, Catalunya berkembang menjadi rumah bagi perusahaan-perusahaan finansial, jasa, dan teknologi. Dengan menyumbang 18,8 persen GDP Spanyol, Catalunya adalah wilayah paling kaya di negara itu, lebih kaya dari Madrid. Di saat krisis ekonomi menimpa Spanyol, suara kemerdekaan Catalunya semakin nyaring. Warga Catalunya menganggap kekayaan Barcelona disedot oleh wilayah-wilayah Spanyol lainnya yang lebih miskin. Dikutip Telegraph, kontribusi Catalunya untuk Spanyol dua kali lipat ketimbang Skotlandia untuk Inggris. Kemerdekaan Catalunya akan membuat Spanyol kehilangan 20 persen pemasukannya, dan memicu perdebatan soal pembagian utang negara sebesar 836 miliar euro.","Rakyat Catalunya bersikeras akan menggelar referendum kemerdekaan pada 1 Oktober mendatang walau mendapat penentangan dari pemerintah Spanyol. Pencegahan melalui konstitusi oleh Spanyol dijegal pemerintah regional Catalunya dengan menelurkan peraturan referendum kemerdekaan. Sejak bertahun-tahun lalu, Catalunya ingin pisah dari Spanyol. Masyarakat Catalunya merasa bukan bagian dari Spanyol, ditilik dari berbagai sisi, seperti budaya, sejarah, dan ekonomi yang dirasa berbeda dengan Spanyol.",487,60,0.1232,35
1498446660-jeremy-corbyn-pecahkan-rekor-penonton-glastonbury,showbiz,cnn indonesia,"Jakarta, CNN Indonesia - - Selain musisi, panggung festival musik tahunan di Inggris, Glastonbury, juga dimeriahkan oleh kehadiran Pemimpin Partai Buruh Inggris, Jeremy Corbyn. Pria berusia 68 tahun itu tampil di panggung utama, Pyramid Stage, pada Sabtu ( 24 / 6). Corbyn memang tidak bermain musik, tapi ia memberikan pidato yang disimak oleh ratusan ribu pengunjung Glastonbury 2017. Dalam pidatonya, ia mengucapkan terima kasih kepada penyelenggara Glastonbury, Michael Eavis, yang telah mengundangnya. “ Ini adalah festival yang penuh dengan kreatifitas, ” kata Corbyn, seperti yang dikutip dari NME. Usai memberikan pidato selama 20 menit, Corbyn lalu mengumumkan kelompok hip-hop Run The Jewels untuk tampil di atas panggung. Pidato Corbyn disebut sebagai penampilan yang paling banyak ditonton sepanjang sejarah penyelenggaraan Glastonbury. Pengunjung yang tak bisa memasuki Pyramid Stage terpaksa harus menonton penampilan Corbyn di layar - layar besar yang tersebar di berbagai sudut. Selain berpidato, Corbyn juga meramaikan kedai Worker Beers Co yang beroperasi di Glastonbury. Dengan akrab, ia menuangkan bir ke gelas-gelas para pengunjung yang bergantian menyapanya. Sebelum datang ke Glastonbury, Corbyn menemui kelompok pemadam kebakaran yang bertugas dalam insiden kebakaran Apartemen Grenfell Tower. Dalam kunjungannya, Corbyn mengatakan kalau Perdana Menteri Inggris Theresa May harus “ mawas diri ” untuk menangangi kecelakaan yang menewaskan lebih dari 70 orang itu. Festival musik Glastonbury 2017 berlangsung mulai dari 21 Juni sampai 25 Juni. Musisi ternama yang tampil di sana antara lain Radiohead, Foo Fighters, Katy Perry, Lorde, Liam Gallagher, Ed Sheeran dan Major Lazer.","Selain musisi, panggung festival musik tahunan di Inggris, Glastonbury, juga dimeriahkan oleh kehadiran Pemimpin Partai Buruh Inggris, Jeremy Corbyn. Pria berusia 68 tahun itu tampil di panggung utama, Pyramid Stage, pada Sabtu ( 24 / 6). Corbyn memang tidak bermain musik, tapi ia memberikan pidato yang disimak oleh ratusan ribu pengunjung Glastonbury 2017.",242,53,0.219,14
1516692600-gorry-gourmet-perluas-kemitraan-dengan-10-grup-res,teknologi,dailysocial.id,"Bertujuan untuk menghadirkan pilihan makanan sehat dari brand yang beragam, Gorry Gourmet yang merupakan aggregator makanan sehat dengan sistem online menambah jumlah mitra dari industri restoran. Tercatat 10 grup restoran yang telah menjadi mitra resmi Gorry Gourmet dengan varian - varian menu yang telah disesuaikan dengan tujuan kesehatan masing-masing pelanggan dan harga yang tetap terjangkau. Termasuk di dalam rekanan tersebut adalah Burgreens, Common Grounds, Tratorria, dan Shabu-Shabu House. Dalam rilisnya pendiri dari Gorry Gourmet William Susilo menyebutkan, besarnya minat dari startup hingga perusahaan teknologi saat ini menyantap menu sehat untuk karyawan, merupakan peluang yang kemudian di sasar oleh Gorry Gourmet, yang selama ini dikenal hanya menyuguhkan menu makan sehat secara on-demand kepada masyarakat di Jakarta dan sekitarnya. “ Tim ahli gizi kami menjamin bahwa setiap menu telah disesuaikan dengan kebutuhan konsumen, baik untuk menu kami sendiri maupun menu kreasi mitra restoran. Proses seleksi dan validasi mitra kami juga sangat ketat, mulai dari tingkat kebersihan hingga bahan dan bumbu yang digunakan. Kalau sudah sesuai dengan standar kami, maka perjanjian kerja sama akan dibuat. ” Sebagai salah satu layanan katering online lokal, Gorry Gourmet yang telah berdiri sejak tahun 2014, merupakan salah satu startup yang masih eksis, ditengah persaingan dan kerasnya bisnis katering online di Indonesia. Salah satu strategi yang di fokuskan oleh Gorry Gourmet adalah, menghadirkan layanan inovatif untuk masyarakat yang menginginkan makanan sehat dengan harga terjangkau. “ Kami mengembangkan Gorry Gourmet dengan 3 prinsip dasar, kenyamanan, varian, dan harga yang terjangkau. Nyaman karena seluruh proses dilakukan secara online, setelah itu makanan diantar langsung ke konsumen. Dari segi varian karena kami memiliki banyak mitra restoran untuk menjaga konsumen agar tidak bosan tanpa perlu berinvestasi di fasilitas produksi layaknya pabrik. Harga terjangkau karena kami percaya semua orang harus memiliki akses kepada makanan yang sehat dan berkualitas, ” kata William. Ke depannya Gorry Gourmet masih tetap konsisten dengan berfokus pada pengembangan teknologi dengan jutaan produk yang diklaim telah dikirim ke rumah-rumah dan kantor - kantor dalam 3 tahun terakhir, bukan menjadi produsen makanan skala besar. DailySocial.id adalah portal berita startup dan inovasi teknologi. Kamu bisa menjadi member komunitas startup dan inovasi DailySocial.id, mengunduh laporan riset dan statistik seputar teknologi secara cuma-cuma, dan mengikuti berita startup Indonesia dan gadget terbaru.","Bertujuan untuk menghadirkan pilihan makanan sehat dari brand yang beragam, Gorry Gourmet yang merupakan aggregator makanan sehat dengan sistem online menambah jumlah mitra dari industri restoran. Tercatat 10 grup restoran yang telah menjadi mitra resmi Gorry Gourmet. Termasuk di dalam rekanan tersebut adalah Burgreens, Common Grounds, Tratorria, dan Shabu-Shabu House.",366,50,0.1366,16
1507799516-dpr-24-oktober-target-perppu-ormas-selesai,tajuk utama,antaranews,"Jakarta ( ANTARA News) - Anggota Komisi II DPR TB Ace Hasan Sadzili menegaskan Peraturan Pemerintah Pengganti Undang-Undang Republik Indonesia ( Perppu) Nomor 2 Tahun 2017 tentang Perubahan atas Undang-Undang Nomor 17 tahun 2013 tentang Organisasi Kemasyarakatan ditargetkan akan diparipurnakan pada tanggal 24 Oktober 2017. "" Target kami pada tanggal 24 Oktober ini akan dibawa ke rapat paripurna untuk pengambilan keputusan diterima atau ditolak "" kata anggota DPR Fraksi Partai Golkar TB Ace Hasan di Jakarta Selasa ( 10 / 10). Lebih lanjut Ace Hasan menjelaskan pekan ini Komisi II akan mendengarkan pendapat para ahli untuk mendapatkan masukan terkait perppu ini. Sebelumnya pada tanggal 4 Oktober lalu pemerintah diwakili menkominfo telah memberikan penjelasan mengenai alasan dikeluarkannya perppu. Pada prinsipnya sebagian besar fraksi di DPR bisa menerima perppu tersebut, namun tambah Ace mekanismenya tetap harus diputuskan dalam rapat paripurna DPR. "" Partai Golkar telah melakukan kajian dan mendapatkan fakta ada ormas yang nyata - nyata mengusung adanya konsep khilafiyah. Nyata dan faktual ada gerakan untuk ganti dengan khilafiyah. Dan ini jelas-jelas anti Pancasila melanggar undang-undang, "" kata Ace. Menurut Ace perppu ini sebenarnya hanya memperpendek proses untuk pembubaran suatu ormas yang anti Pancasila atau melanggar undang-undang. Meskipun pemerintah tetap memberikan waktu dan kesempatan untuk melakukan gugatan di pengadilan TUN. "" Ini upaya tindakan preventif negara. Apakah kita ingin negara ini hancur sementara kita tak bisa bergerak cepat, jika harus melewati proses pengadilan yang panjang dan lama, "" kata Ace. Ace juga mengingatkan hal ini jangan juga dilihat ini upaya menghambat demokrasi. "" Demokrasi itu tidak bisa sebebas - bebasnya tanpa batas, tetapi juga harus tetap menjaga keutuhan negara. Fenomena yang ada saat ini orang berlindung pada demokrasi padahal sebenarnya sangat anti demokrasi, "" katanya. Perppu nomor 2 tahun 2017 diterbitkan pada tanggal 10 Juli 2017 dalam rangka tugas pemerintah yang melindungi segenap bangsa dan tumpah darah Indonesia. Data dari kemendagri saat ini tercatat ada 344.039 ormas, yang telah beraktifitas di segala bidang kehidupan, baik dalam tingkat nasional maupun di tingkat daerah, harus diberdayakan dan dibina. Salah satu alasan dikeluarkannya Perppu nomer 2 tahun 2017 karena UU Nomor 17 Tahun 2013 tentang Organisasi Kemasyarakatan tidak lagi memadai sebagai sarana untuk mencegah meluasnya ideologi yang bertentangan dengan Pancasila dan UUD NRI 1945, baik dari aspek substantif terkait dengan norma, larangan dan sanksi serta prosedur hukum yang ada.",Anggota Komisi II DPR TB Ace Hasan Sadzili menegaskan Perppu Nomor 2 Tahun 2017 tentang Perubahan atas Undang-Undang Nomor 17 tahun 2013 tentang Organisasi Kemasyarakatan ditargetkan akan diparipurnakan pada 24 Oktober 2017. Menurut Ace perppu ini sebenarnya hanya memperpendek proses pembubaran ormas yang anti Pancasila atau melanggar undang-undang. Meskipun pemerintah tetap memberikan waktu dan kesempatan untuk melakukan gugatan di PTUN.,384,60,0.1562,18
1501647556-flash-disk-ini-mengemas-tiga-konektor-sekaligus,teknologi,dailysocial.id,"Spesifikasi USB yang ada sekarang sudah ibarat belajar alfabet. Ada USB Type - A yang merupakan tipe paling standar, ada USB Micro - B yang lebih kita kenal dengan istilah micro USB, kemudian yang terbaru ada USB Type - C yang wujud konektornya paling praktis dan memiliki kinerja transfer data paling cepat. Ketiganya masih dan sudah digunakan sekarang; yang lama belum ditinggalkan, sedangkan yang baru sudah mulai menyebar ke lebih banyak perangkat. Lalu konsumen pun bingung harus menggunakan USB flash disk dengan jenis konektor yang mana. Namun Silicon Power tak akan membiarkan hal itu terjadi. Produsen asal Taiwan tersebut baru saja memperkenalkan USB flash disk yang sangat unik. Dijuluki SP Mobile C50, ia mengemas tiga konektor sekaligus: USB - A, micro USB dan USB - C, sehingga Anda bisa menancapkannya di berbagai macam perangkat, termasuk smartphone sekalipun. USB - A yang paling standar diposisikan di ujung depan, sedangkan konektor micro USB -nya disembunyikan di dalamnya. Di belakang, ada konektor USB - C yang dilindungi oleh penutup berbahan karet. Silicon Power bilang kalau konstruksi perangkatnya didesain sedemikian rupa guna mencegah konektornya tidak rusak. Untuk USB - A dan USB - C, kecepatan transfer maksimumnya ada di angka 5 Gbps ( USB 3.0), sedangkan micro USB miliknya cuma terbatas di 480 Mbps ( USB 2.0). Khusus konektor micro USB ini – yang akan digunakan bersama smartphone Android – pengguna wajib mengunduh aplikasi pendamping SP File Explorer App di perangkat yang bersangkutan. SP Mobile C50 rencananya akan dipasarkan dalam beberapa minggu ke depan. Harganya belum diketahui, namun ada tiga varian kapasitas yang ditawarkan: 32, 64 dan 128 GB. Sumber: AnandTech. DailySocial.id adalah portal berita startup dan inovasi teknologi. Kamu bisa menjadi member komunitas startup dan inovasi DailySocial.id, mengunduh laporan riset dan statistik seputar teknologi secara cuma-cuma, dan mengikuti berita startup Indonesia dan gadget terbaru.","Silicon Power baru saja memperkenalkan USB flash disk yang sangat unik. Dijuluki SP Mobile C50, ia mengemas tiga konektor sekaligus: USB - A, micro USB dan USB - C, sehingga Anda bisa menancapkannya di berbagai macam perangkat, termasuk smartphone sekalipun. SP Mobile C50 rencananya akan dipasarkan dalam beberapa minggu ke depan. Terdapat tiga varian kapasitas yang ditawarkan: 32, 64 dan 128 GB.",301,62,0.206,17
1476233130-sekjen-ppp-kubu-romahurmuziy-dukung-haji-lulung-be,tajuk utama,antaranews,"Jakarta ( ANTARA News) - Sekretaris Jenderal PPP Arsul Sani mengatakan siap membuka pintu lebar - lebar untuk Abraham Lunggana ( Lulung) guna bergabung bersama kubunya, setelah sikap bersangkutan berseberangan dengan keputusan PPP pimpinan Djan Faridz mendukung pasangan Basuki Tjahaja - Djarot Saiful dalam Pilkada Jakarta. "" Kami membuka pintu lebar - lebar untuk Haji Lulung, kita ajak kembali lebih besar di PPP DKI Jakarta, "" kata Arsul di Gedung Nusantara II, Jakarta, Selasa. Ia mengatakan, jabatan apa yang akan dijabat Lulung apabila mau bergabung, bisa dibicarakan atau didiskusikan dengan DPP PPP. Dia menilai, lebih baik Lulung bergabung dengan PPP dibawah kepemimpinan Romahurmuziy karena memiliki kesamaan pandangan di Pilkada Jakarta. "" ( Jabatan yang akan diberikan kepada Lulung) itu sesuatu yang bisa dibicarakan, namun yang tidak bisa kan Ketua Umum sama Sekjen saja, itu kata Pak Romy ( Romahurmuziy), "" ujarnya. Anggota Komisi III DPR itu mengatakan, terlepas dari perbedaan antara pihaknya dengan Lulung, namun ada satu hal yang sama yaitu tidak mau mendukung kandidat yang tidak memiliki basis dukungan di konstituen. Arsul mengatakan, PPP sebagai pengemban tanggung jawab hanya menetapkan dukungan kalau ada dukungan internal yaitu konstituen dan pemangku kepentingan. "" Ahok tidak daftar ke PPP lalu bagaimana kami mau dukung, selain itu secara internal PPP tidak ada yang mengusulkannya, "" ujar Arsul. Sebelumnya, PPP kubu Djan Faridz resmi mendukung pasangan petahana, Basuki Tjahaja Purnama atau Ahok dengan Djarot Saiful Hidayat dalam Pemilihan Kepala Daerah ( Pilkada) DKI Jakarta 2017. Ketua Dewan Pimpinan Wilayah PPP DKI Jakarta versi Djan Faridz, Abraham Lulung Lunggana atau haji Lulung yang selama ini menjadi seteru Ahok menghormati dan menghargai keputusan Djan Faridz. Dia mengatakan, sebagai warga negara Indonesia, dirinya mempunyai hak politik yang bisa berbeda dengan keputusan partai sehingga atas dasar itu ia tetap konsisten untuk menolak mendukung pasangan Ahok - Djarot. "" Sampai hari ini saya masih konsisten sebagai lambang perlawanan terhadap Ahok dan selama ini masyarakat Jakarta, dan Indonesia pada umum sudah mengetahui bentuk perlawanannya, "" ucap Lulung. Menurut, Lulung politik adalah sikap tegas, konsisten yang harus tetap dijaga dan dirinya enggan dicap sebagai politisi plintat-plintut.","Sekretaris Jenderal Partai Persatuan Pembangunan ( PPP) pimpinan Romahurmuziy, Asrul Sani, menyatakan siap memberikan dukungan kepada Abraham Lunggana ( Haji Lulung) yang bersebrangan dengan keputusan PPP pimpinan Djan Faridz terkait Pilkada DKI 2017. Asrul mengatakan, Haji Lulung lebih baik bergabung dengan PPP Romahurmuziy karena memiliki kesamaan pandangan dalam Pilkada DKI. Sebelumnya, PPP kubu Djan Faridz resmi mendukung pasangan Ahok - Djarot.",345,61,0.1768,13
1513926159-resmi-bayern-munich-datangkan-sandro-wagner,olahraga,goal indonesia,"Bayern Munich telah mengumumkan transfer Sandro Wagner dari Hoffenheim dengan kontrak dua setengah tahun, Kamis ( 21 / 12) waktu setempat. Karl - Heinz Rummenigge mengonfirmasi sebelumnya, kesepakatan sudah sangat dekat. Wagner akan merampungkan transfernya ke Allianz Arena pada 1 Januari setelah menandatangani kontrak hingga Juni 2020. Bayern dikabarkan telah sepakat untuk membayar mahar € 13 juta kepada Hoffenheim. Ini merupakan kepulangan bagi Wagner, mengingat sang striker adalah produk akademi Bayern dan melakoni debut seniornya di sana pada 2007. "" Dengan Sandro Wagner, kami menambahkan satu lagi pemain internasional Jerman di Bayern, "" ungkap direktur Hasan Salihamidzic. "" Kami yakin bahwa Sandro Wagner akan menambah kualitas tim kami lewat kelas dan pengalamannya. "" Wagner, yang memenangkan Piala Konfederasi bersama Jerman tahun ini, telah mencetak empat gol dalam 11 laga Bundesliga musim ini. Setelah meninggalkan Bayern di 2008, ia merapat ke Duisburg, Werder Bremen, Kaiserlautern, Hertha Berlin, dan Darmstadt, sebelum bergabung ke Hoffenheim pada 2016. Ia akan mengenakan seragam No.2 dan mungkin melakoni debutnya pada 12 Januari dalam laga kontra Bayern Leverkusen.","Bayern Munich telah mengumumkan transfer Sandro Wagner dari Hoffenheim dengan kontrak dua setengah tahun, Kamis ( 21 / 12) waktu setempat. Karl - Heinz Rummenigge mengonfirmasi sebelumnya, kesepakatan sudah sangat dekat. Wagner akan merampungkan transfernya ke Allianz Arena pada 1 Januari setelah menandatangani kontrak hingga Juni 2020. Bayern dikabarkan telah sepakat untuk membayar mahar € 13 juta kepada Hoffenheim.",171,59,0.345,10
1511390700-reaksi-tim-williams-menanggapi-rumor-bergabungnya-,olahraga,juara.net,"JUARA.NET - Robert Kubica dikabarkan menggantikan Felipe Massa pada balapan F1 2018, namun rumor tersebut di bantah oleh tim Williams selaku tim yang ditinggalkan oleh Massa karena pensiun. Kubica sendiri santer diberitakan akan menjadi pengganti Massa yang telah mengumumkan pensiun dari kompetisi tertinggi balap mobil tersebut. Dua media televisis RTL GP dan Canal Plus bahkan telah melaporkan kalau Kubica akan terikat kontrak dua tahun bersama tim asal Inggris tersebut. Akan tetapi para penggemar F1 nampaknya masih akan dibuat penasaran dengan teka-teki siapa penerus Massa di tim Williams. "" Meski kami sedang melakukan pembicaraan dengan Kubica, masih belum diputuskan siapa yang akhirnya akan menggantikan Massa, "" ujar tim Williams seperti dikutip Juara.net dari Autosport. ( Baca Juga: Rossi dan Ambisi Meraih Gelar Ke - 10) "" Kami akan memberi pengumuman ketika kami punya sesuatu untuk diberitahukan, tapi tidak ada rencana apapun soal itu pada akhir pekan ini di Abu Dhabi. "" Selain Robert Kubica beberapa nama lain juga diberitakan akan merapat ke Williams. Nama - nama pebalap lain seperti Paul di Resta, Daniil Kvyat, hingga mantan rekan setim Rio Haryanto yakni Pascal Wehlrein mengisi daftar calon pebalap utama tim Williams.","Robert Kubica dikabarkan menggantikan Felipe Massa pada balapan F1 2018, namun rumor tersebut di bantah oleh tim Williams selaku tim yang ditinggalkan oleh Massa karena pensiun. "" Meski kami sedang melakukan pembicaraan dengan Kubica, masih belum diputuskan siapa yang akhirnya akan menggantikan Massa, "" ujar tim Williams. Tim Williams juga mengkonfirmasi tidak ada pembicaraan apapun di Abu Dhabi seperti yang dirumorkan.",189,61,0.3228,9
1515890700-minggu-sore-jokowi-resmikan-stadion-utama-gbk-sena,olahraga,poskotanews,"JAKARTA ( Pos Kota) – Renovasi Stadion Utama Gelora Bung Karno ( SUGBK), di Senayan, Jakarta, telah dinyatakan selesai 100 persen. Stadion ini, kini sudah siap digunakan untuk stadion utama penyelenggaraan pesta olahraga se - Asia atau Asian Games XVIII Tahun 2018 mendatang. “ Pada Minggu, tanggal 14 Januari 2018 petang, Bapak Presiden direncanakan akan meresmikan stadion ini, sekaligus menyaksikan pertandingan persahabatan antara Tim Nasional Indonesia melawan Islandia, ” kata Menteri Pekerjaan Umum dan Perumahan Rakyat ( PUPR) Basuki Hadimuljono saat melakukan pengecekan SUGBK dengan menggelar pertandingan uji coba antara pimpinan Kementerian PUPR dengan PT. Adhi Karya, Kamis ( 11 / 1) malam. Menteri PUPR mengaku bertanggung jawab atas renovasi SUGBK itu, dan melakukan ujicoba untuk melihat kualitas pencahayaan, rumput, tata suara, papan skor. Ia menyebutkan, untuk lighting -nya, SUGBK merupakan salah satu yang terbaik di dunia, namun akan diungguli oleh stadion ( Olimpiade dan Paralimpiade) Tokyo 2020. “ Pencahayaan berkekuatan 3.500 lux atau tiga kali lebih terang dari sebelumnya. Namun karena menggunakan LED lighting system, konsumsi listrik lebih hemat hingga 50 persen dari lampu konvensional dan memiliki kualitas pencahayaan tiga kali lebih baik. Sistem pencahayaan juga terintegrasi dengan sistem tata suara yang berkekuatan hingga 80 ribu watt PMPO, ” jelas Basuki seraya menambahkan, tata suara SUGBK lebih baik dari sebelumnya, sehingga pada upacara pembukaan nanti terutama saat menyanyikan lagu kebangsaan Indonesia Raya akan lebih dramatis. Renovasi SUGBK itu menggunakan kursi yang kualitasnya lebih bagus dengan jenis satu kursi ( single seat) dan lipat ( flip up), dan telah memenuhi standar aksesibilitas evakuasi. Setiap kursi mampu menahan beban hingga 250 kg dan tidak mudah ditarik sehingga menahan aksi vandalisme. “ Sudah mengikuti standar FIFA dalam aspek keamanan dimana dalam kondisi darurat, dalam waktu 15 menit, stadion sudah harus kosong, ” tambah Basuki. Dengan penggantian jenis kursi yang lebih baik dari sebelumnya yang berupa kursi panjang, menurut Menteri PUPR Basuki Hadimuljono, Stadion Utama Gelora Bung Karno kini mampu menampung 80.000 penonton duduk. Menteri PUPR juga menambahkan, bahwa kualitas lapangan semakin baik mulai dari rumput yang digunakan merupakan rumput terbaik jenis zoysia matrella dilengkapi alat penyiram rumput otomatis hingga sistem drainase anti banjir ( zero run - off). “ Kualitas rumput Stadion GBK juga telah mendapatkan sertifikasi internasional. Kalau rumput imitasi digunakan di Lapangan ABC untuk latihan atau pemanasan, itupun kualitas rumput imitasi terbaik, ” jelas Basuki. Renovasi SUGBK itu dilakukan sejak bulan Agustus 2016 dengan kontraktor PT. Adhi Karya ( Persero) Tbk dan PT. Penta Rekayasa Kerjasama Operasi ( KSO) dengan nilai kontrak Rp 769,7 miliar. Sementara konsultan manajemen konstruksi adalah PT. Deta Decon dan PT. Multi Karadiguna Jasa KSO dengan nilai kontrak Rp 10,2 miliar. Secara keseluruhan untuk renovasi venue dan penataan kawasan GBK yang dilakukan oleh Kementerian PUPR progresnya telah mencapai 99 %, karena meskipun beberapa venue olahraga telah selesai, namun pekerjaan penataan kawasan GBK yang baru dimulai Mei 2017 masih dalam penyelesaian akhir. “ Untuk venue olahraga hampir seluruhnya sudah selesai dan akan kami usulkan diresmikan satu per satu oleh Bapak Presiden, ” tutup Menteri Basuki. ( Setkab / win)","Renovasi Stadion Utama Gelora Bung Karno, di Senayan, Jakarta, telah dinyatakan selesai 100 persen. Stadion ini, kini sudah siap digunakan untuk stadion utama penyelenggaraan pesta olahraga Asian Games 2018. “ Pada Minggu, tanggal 14 Januari 2018 petang, Bapak Presiden direncanakan akan meresmikan stadion ini, sekaligus menyaksikan pertandingan persahabatan antara Tim Nasional Indonesia melawan Islandia, ” kata Menteri PUPR Basuki Hadimuljono.",502,60,0.1195,25
1505083500-seluruh-jaringan-kantor-dan-atm-bri-sudah-pulih,tajuk utama,kumparan,"PT Bank Rakyat Indonesia ( Persero) Tbk menyatakan bahwa seluruh jaringan kerja, baik unit kerja maupun ATM BRI sudah sepenuhnya pulih. Hal ini diungkapkan Corporate Secretary Bank BRI Hari Siaga Amijarso. Sebelumnya, sebanyak 321 ATM BRI dan 124 unit kerja BRI sempat mengalami gangguan akibat terjadinya anomali satelit Telkom 1 pada akhir Agustus 2017 yang lalu. “ Terhitung sejak hari Senin yang lalu ( 4 / 09) kami telah berhasil recovered seluruh jaringan yang terdampak akibat anomali satelit Telkom 1, sehingga nasabah BRI sudah dapat mengakses seluruh layanan perbankan Bank BRI di seluruh pelosok negeri, ” ujar Hari Siaga dalam keterangan resminya, Minggu ( 10 / 9). Sejak awal anomali terjadi, Bank BRI langsung mengambil tindakan dengan melakukan migrasi terhadap semua jaringan yang terkena dampak dan beralih ke BRIsat sebagai jaringan utama serta mempersiapkan back up ke jaringan cadangan lainnya. Hasilnya, dalam jangka waktu 4 hari kerja seluruh jaringan unit kerja dan ATM BRI yang terdampak sudah dapat beroperasi secara normal. Hari menambahkan, Bank BRI sendiri tidak mengalami kerugian akibat kejadian ini, hanya layanan perbankan kepada nasabah sempat terganggu. Selain itu, nasabah tidak perlu khawatir karena kejadian ini tidak mengganggu keamanan data nasabah. Ke depan, Bank BRI akan terus berinovasi untuk memberikan layanan prima kepada para nasabahnya.","PT. Bank Rakyat Indonesia ( Persero) Tbk menyatakan bahwa seluruh jaringan kerja, baik unit kerja maupun ATM BRI sudah sepenuhnya pulih. Sebelumnya, sebanyak 321 ATM BRI dan 124 unit kerja BRI mengalami gangguan akibat terjadinya anomali satelit Telkom 1 pada akhir Agustus 2017 yang lalu. Bank BRI sendiri tidak mengalami kerugian akibat kejadian ini, hanya layanan perbankan kepada nasabah sempat terganggu.",207,61,0.2947,9
1484738140-komisi-iii-dpr-akan-panggil-kapolda-jabar,tajuk utama,rimanews,"Rimanews - Wakil Ketua Komisi III DPR RI, Desmon J Mahesa mengatakan, masing-masing fraksi di Komisi III DPR RI akan mempertanyakan Kapolri pada 31 Januari 2017 terkait curhat Imam Besar Front Pembela Islam ( FPI), Habib Rizieq. "" Tanggal 31 Januari akan ada rapat dengan Kapolri. Nah masalah-masalah apa yang dibicarakan hari ini tentunya masing-masing fraksi akan mempertanyakan itu ke Kapolri, "" kata Desmon di Gedung DPR RI, Jakarta, Selasa ( 17 / 01 / 2017). Habib Rizieq Shihab mengadukan perlakuan ormas Gerakan Masyarakat Bawah Indonesia ( GMBI) binaan Kapolda Jawa Barat Irjen Anton Charliyan, dalam rapat dengar pendapat dengan anggota Komisi III DPR. Dalam rapat tersebut, Rizieq menceritakan hasil audiensi FPI dengan Mabes Polri, terkait laporan tidak profesionalnya Anton Charliyan. FPI menuding mantan kadiv humas tersebut berat sebelah dalam menegakkan hukum terhadap ormas yang jadi binaannya. Pada tanggal 31 Januari, Desmon berharap Tito Karnavian membawa Kapolda Jawa Barat, Irjen Anton Charliyan dan Kapolda Metro Irjen M. Iriawan.","Wakil Ketua DPR Komisi III, Desmon Mahesa mengungkapkan anggota fraksi komisi III DPR akan mempertanyakan Kapolri pada 31 Januari mendatang terkait curhat Habib Rizieq. Sebelumnya Habib Rizieq mengatakan bahwa Kapolda Jabar telah bersikap berat sebelah karena dianggap membela ormas Gerakan Masyarakat Bawah Indonesia ( GMBI). Maka dari itulah pada 31 Januari 2017 mendatang, komisi III DPR akan memanggil Kapolda Jabar.",158,60,0.3797,7
1491411004-tendang-mantan-istri-pria-diciduk-polisi,tajuk utama,rimanews,"Rimanews - Warga Kebun kopi Kecamatan Kota baru, Kota Jambi MG ( 39) ditangkap polisi karena melakukan tindak pidana penganiayaan terhadap mantan istrinya, Santi. Kasubag humas Polresta Jambi Brigadir Alamsyah Amir, seperti dikutip dari Tribratanews, kemarin mengatakan, MG yang seharihari bekerja sebagai tukang ojek itu, ditangkap berdasarkan laporan Santi pada 29 Maret. "" Pelaku dan korban merupakan mantan suami istri, "" kata dia. Awalnya korban bertemu dengan pelaku di Jalan Prof M Yamin, Kelurahan Payo lebar, Kecamatan Jelutung, Kota Jambi, dan terlibat adu mulut. Pelaku kemudian menendang kaki korban. "" Pelaku juga menarik korban yang sehingganya sepeda motor yang dikendarai korban terjatuh dan kemudian pelaku pergi meninggalkan korban, "" kata Alamsyah. Polisi yang mendapat laporan itu kemudian menangkap pelaku dan menemukan senjata tajam di jok motor pelaku. "" Saat ini pelaku dan barang bukti diamankan di Mapolsek Jelutung guna proses lebih lanjut dan akan dikenakan pasal 351 KUHP tentang Penganiayaan, "" kata Alamsyah.","Warga Kebun kopi Kecamatan Kota baru, Kota Jambi MG ( 39) ditangkap polisi karena melakukan tindak pidana penganiayaan terhadap mantan istrinya, Santi. Kasubag humas Polresta Jambi Brigadir Alamsyah Amir, seperti dikutip dari Tribratanews, kemarin mengatakan, MG yang seharihari bekerja sebagai tukang ojek itu, ditangkap berdasarkan laporan Santi pada 29 Maret. Awalnya korban bertemu dengan pelaku di Jalan Prof M Yamin, Kelurahan Payo lebar, Kecamatan Jelutung, Kota Jambi.",153,67,0.4379,8
1511814600-developer-forza-horizon-gandeng-talenta-di-belakan,teknologi,dailysocial.id,"Forza Motorsport ialah franchise yang Microsoft siapkan untuk berduel dengan seri Gran Turismo milik Sony Interactive Entertainment. Dan buat merangkul gamer pencinta balap secara lebih luas, sang publisher memperkenalkan Forza Horizon di tahun 2012 sebagai spin - off permainan ber - genre simulasi itu, mengandalkan gameplay yang lebih mudah dan pilihan kendaraan lebih banyak. Tim Playground Games yang terdiri dari mantan staf Codemasters, Ubisoft, Criterion dan Slightly Mad Studios, dan Sony itu dipercaya Microsoft untuk menangani seri Horizon. Tapi meski mengemban tanggung jawab besar itu, Playground Games masih memegang status indepenen. Dan setelah menikmati kesuksesan Forza Horizon 3, mereka kabarnya siap menggarap permainan baru. Di bulan Februari silam, Playground Games mengungkap rencana pembuatan studio kedua untuk mengembangkan game - game non - racing, dan akhirnya info terkait proyek tersebut pelan-pelan mulai terkuak. Via Games Industry, developer dilaporkan mulai menyewa para talenta berpengalaman yang pernah berpartisipasi dalam pengerjaan berbagai game blockbuster. Individu pertama ada Will Kennedy, bergabung bersama Playground di bulan Juli 2017. Kennedy adalah chief designer di tim baru Playground Games, sudah pernah bekerja untuk Rockstar North selama delapan tahun. Ia memegang peranan penting dalam pengembangan Grand Theft Auto V sebagai game designer dan flow designer, sampai perancang misi di Grand Theft Auto Online. Tak lama, Juan Fernandez di Simon menyusul. Pria ini ialah desainer senior di studio independen Ninja Theory, punya andil dalam terciptanya Hellblade: Senua ’s Sacrifice. Sebelumnya, Simon menghabiskan tiga tahun bekerja untuk tim pembuat Rime, Tequila Works. Anggota terbaru Playground Games adalah Sean Eyestone. Ia baru saja meninggalkan posisinya di EA DICE sebagai senior producer Star Wars Battlefront II. Dahulu, Eyestone juga sempat berkarier selama 10 tahun di Kojima Productions dan mengerjakan sejumlah permainan Metal Gear, termasuk Metal Gear Solid V: Ground Zeroes serta The Phantom Pain. Di Playground, ia terpilih jadi production director. Studio kedua Playground Games akan didirikan di lahan seluas 1.600 meter persegi di St Albans House, Inggris. Tempat itu disiapkan untuk menjadi rumah bagi lebih dari 200 orang karyawan. Belum ada detail lebih lanjut mengenai game yang akan digarap Playground, termasuk judul ataupun perkiraan waktu rilis. Studio hanya mendeskripsikannya sebagai permainan action role-playing berformula open - world. Sumber: Games Industry. DailySocial.id adalah portal berita startup dan inovasi teknologi. Kamu bisa menjadi member komunitas startup dan inovasi DailySocial.id, mengunduh laporan riset dan statistik seputar teknologi secara cuma-cuma, dan mengikuti berita startup Indonesia dan gadget terbaru.","Pada bulan silam, Playground Games mengungkap rencana pembuatan studio kedua untuk mengembangkan game - game non - racing. Developer dilaporkan mulai menyewa para talenta berpengalaman, Individu pertama ada Will Kennedy, bergabung bersama Playground di bulan Juli 2017 yang memegang peranan penting dalam pengembangan Grand Theft Auto V sebagai game designer dan flow designer, sampai perancang misi di Grand Theft Auto Online.",392,61,0.1556,24
1505727633-dul-rilis-debut-single-kamu-dan-aku,showbiz,suara,"Suara.com - Musikus Ahmad Abdul Qodir Jaelani atau dikenal Dul, 17, telah merilis single solo perdana berjudul "" Kamu dan Aku "". Lagu dan lirik dibuat sendiri oleh Dul. Aransemen dibantu oleh music director Wahyu Sudiro. Dul memilih unsur alternatif pop 90an untuk lagunya. Dia ingin menyasar anak muda zaman sekarang dan berharap bisa merasakan lagu karyanya. Ia juga berharap generasi 90an juga bisa menikmatinya. "" Dengan lagu ini, saya juga ingin membuat anak-anak muda pada generasi 90an zaman dulu bernostalgia lewat musik saya. ” Hihi … maap ya anak 90an, disebut zaman dulu sama Dul kiss kiss!, "" kata Dul, seperti dalam rilis yang diterima Suara.com, Jumat ( 15 / 9 / 2017). “ Kamu dan Aku ” bercerita tentang saat kita mencintai seseorang namun seseorang itu tidak pernah menyambut rasa cinta kita. Untuk saat ini, "" Kamu dan Aku "" baru bisa didengarkan di radio - radio dulu. “ Karena saya ngefans sama era 90an, jadi saya pingin lagu saya didengar di radio dulu. Dan mungkin di televisi saat saya tampil langsung, ” kata Dul. Musisi lain yang membantu Dul Jaelani dalam penggarapan lagu - lagunya antara lain Faiz Wong saat take drum, lead guitar dari Wahyu Sudiro. Sejak kelas 1 SMP, Dul punya band grunge sama temen - temen tongkrongan namanya Backdoor, di situ dia mulai nongkrong layaknya remaja pria lain dan mulai belajar menulis lagu. Sebagian besar referensi musik ia dapatkan dari ayah dan bundanya. Namun untuk pembuatan lagunya, Dul selalu menulis sendiri dari isi hatinya, dan untuk aransemen dibantu teman - temannya. Dul juga sempat pernah dibekali kursus musik sekali - dua kali oleh Bundanya, “ Karena menurut Bunda, vokal saya kurang bagus, namun saya tidak cocok dengan pelatihan vokal itu, dan saya tetap pede ingin mengekspresikan isi hati saya lewat bernyanyi. Ya, jadi latihan sambil berjalan, lah. ” Dul saat ini bisa memainkan beberapa alat musik seperti gitar, bass, piano, keyboard, dan drum.","Musikus Ahmad Abdul Qodir Jaelani atau dikenal Dul telah merilis single solo perdana berjudul "" Kamu dan Aku "". Lagu dan lirik dibuat sendiri oleh Dul. Aransemen dibantu oleh music director Wahyu Sudiro. Dul memilih unsur alternatif pop 90an untuk lagunya. “ Kamu dan Aku ” bercerita tentang saat kita mencintai seseorang namun seseorang itu tidak pernah menyambut rasa cinta kita.",319,61,0.1912,18
1475701235-disekap-di-toilet-kim-kardashian-memohon-hidup-dem,showbiz,cnn indonesia,"Jakarta, CNN Indonesia - - Setelah melewati masa-masa menegangkan menjadi tahanan para perampok di Paris, bintang TV Kim Kardashian sudah kembali ke Amerika bertemu dengan suami dan keluarganya. Mengutip Contact Music, selama hampir 12 jam, istri Kanye West itu terbang menggunakan jet pribadi dari Paris menuju bandara Teterboro, New Jersey AS, pasca perampokan perhiasan miliknya yang bernilai jutaan dolar. Berdasarkan laporan yang diterima E!Online, Kim ditahan oleh para pria bertopeng dan bersenjata pada pukul tiga pagi waktu setempat, di apartemen milik West di Paris. Untungnya, kedua buah hatinya dan West yakni North ( 3 tahun) dan Saint ( 9 bulan) tidak bersama dirinya kala itu. Ketika disekap, dirinya memohon untuk dibebaskan demi anak - anaknya. "" Dia memohon [ pada para perampok] untuk membiarkannya tetap hidup dan mengatakan bahwa dia memiliki bayi di rumah. Saat itu Kim yakin para perampok hendak membunuh dirinya, "" kata seorang sumber yang juga mengatakan bahwa Kim diikat ke sebuah kursi, kala para perampok mengambil barang berharganya. Kementerian Dalam Negeri Perancis mengatakan ada lima orang yang menyusup lalu menodong penjaga apartemen dengan senjata. Penjaga apartemen diborgol dan dipaksa untuk membuka apartemen tempat Kim menginap. Dua orang dari kelompok perampok berhasil masuk ke kamar dan mengunci Kim di toilet. Selain perhiasan, perampok juga mengambil dua ponsel miliknya. Berdasarkan pernyataan yang diterima CNN, pasca kejadian kondisi Kardashian sangat terguncang meski tidak ada luka fisik pada dirinya. Ia pun langsung diboyong kembali ke Amerika. Sesampainya di sana, Kim langsung berjumpa dengan sang ibu Kris Jenner dan sejumlah petugas keamanan di bandara. Setelahnya, ia langsung dibawa ke apartemen miliknya yang berada di New York City untuk bertemu dengan Kanye. Saat kejadian, Sabtu ( 1 / 10) malam Kanye sedang tampil di pertunjukkan Meadows Art & Music Festival. Ketika menerima kabar itu, ia langsung menghentikan konsernya dan pamit dengan alasan ada keadaan darurat pada keluarganya. "" Saya meminta maaf, keluarga saya dalam keadaan darurat. Saya terpaksa harus menghentikan konser ini, "" ucapnya berdasarkan video yang tersebar di media sosial. Kini, pihak berwajib di Perancis masih memburu para pelaku. ( rsa / rsa)","Kim Kardashian sudah kembali ke Amerika bertemu dengan suami dan keluarganya setelah melewati masa-masa menegangkan menjadi tahanan para perampok di Paris. Dua orang dari kelompok perampok berhasil masuk ke kamar dan mengunci Kim di toilet selama hampir 12 jam. Selain perhiasan, perampok juga mengambil dua ponsel miliknya. Ketika disekap, dirinya memohon untuk dibebaskan demi kedua buah hatinya yakni North ( 3 tahun) dan Saint ( 9 bulan).",342,67,0.1959,21
1481967934-pusat-riset-apple-di-indonesia-selesai-dibangun-ta,teknologi,cnn indonesia,"Jakarta, CNN Indonesia - - Menteri Komunikasi dan Informatika Rudiantara menyatakan bahwa rencana Apple membangun pusat riset dan pengembangan ( R&D) di Indonesia sudah pasti. "" Apple telah berkomitmen membangun R&D di Indonesia, menjadikannya pusat riset kedua di dunia di luar Amerika Serikat setelah Brasil, "" ucap Rudiantara saat ditemui sejumlah awak media usai pembukaan Pameran Indocomtech di Jakarta, Rabu ( 2 / 11). Komitmen Apple tersebut tak lain guna memenuhi regulasi Tingkat Kandungan Dalam Negeri ( TKDN) yang digadang pemerintah untuk ponsel 4 G LTE. Seperti yang diketahui, aturan TKDN ponsel 4 G sebesar 30 persen akan segera diimplementasikan per 1 Januari 2017. "" Kemarin itu Apple Asia Pasifik dan dari Silicon Valley datang ke sini bertemu saya untuk membahas soal pembangunan R&D ini. Untuk angka investasi, biarkan itu jadi urusan korporasi, "" ujarnya lagi. Rudiantara akan memastikan pembangunan R&D Apple harus rampung pada 2017 agar bisa segera memenuhi TKDN yang berlaku. "" Ya harus selesai 2017, kalau tidak ya tidak boleh jualan. Beli iPhone 7 di luar negeri saja, "" serunya, sembari berkelakar. Rudiantara juga menambahkan, saat ini pihak Apple masih mengurus izin terkait pembangunan R&D. "" Kita harus bangga, perusahaan sekelas Apple mau bangun pusat riset di Indonesia. Kita jadi negara kedua setelah Brasil yang berhasil dilirik Apple, "" katanya. Belum tentu di Jakarta Pusat riset dan pengembangan ( R&D) yang bakal dibangun Apple di Indonesia diharapkan Rudi tidak bersifat Jakarta - sentris. Dengan kata lain, ia berharap Apple bisa membidik lokasi lain di luar Jakarta, bahkan kalau bisa di luar Pulau Jawa. "" Mereka ( Apple) sudah pastikan untuk bikin alternatif agar membangun di luar Jakarta. Saya juga katakan, R&D Apple harus Indonesia - sentris, bukan Jakarta atau Jawa - sentris, "" tutur menteri yang akrab disapa Chief RA ini. Bahkan jika ingin dibangun di Papua sekali pun, Rudiantara tetap mendukung karena ia yakin banyak ada sumber daya manusia yang mumpuni. "" Kenapa tidak kalau memang ekosistemnya menunjang? Di sana pasti ada SDM yang berbakat, kitanya saja yang suka tidak mengakui hal itu, "" tutup pria yang kerap disapa Chief RA. ( evn)","Berdasarkan keterangan Menteri Komunikasi dan Informatika Rudiantara, rencana Apple membangun pusat riset dan pengembangan ( R&D) di Indonesia sudah pasti. Pusat riset tersebut merupakan pusat riset Apple kedua di dunia di luar Amerika Serikat setelah Brasil. Untuk memenuhi regulasi Tingkat Kandungan Dalam Negeri ( TKDN) yang digadang pemerintah untuk ponsel 4 G LTE, pembangunannya harus selesai di tahun 2017..",347,59,0.17,21
1497402000-pemda-raja-ampat-janji-tingkatkan-infrastruktur,hiburan,cnn indonesia,"Jakarta, CNN Indonesia - - Pemerintah Kabupaten Raja Ampat di Papua Barat berusaha meningkatkan infrastruktur pendukung sektor pariwisata di daerahnya sehingga mempermudah wisatawan yang ingin berlibur ke daerahnya. Bupati Raja Ampat Abdul Faris Umlati mengatakan selain bandara, infrastruktur yang juga diperbaiki yakni jalan menuju penginapan - penginapan yang ada. "" Pariwisata kalau tidak diimbangi dengan fasilitas pendukung yang nyaman, termasuk faktor keamanan bisa - bisa orang kapok begitu datang ke Raja Ampat. Kami tidak mau seperti itu, "" kata Umlati, dikutip dari Antara, Senin ( 12 / 6). Menurutnya perbaikan jalan darat dan pengembangan Bandara Waisai menjadi prioritas pemerintah Raja Ampat saat ini. Ia ingin, pemerintah daerah lebih mandiri dalam mengelola pariwisata di daerah tersebut. Terkait pengembangan bandara, kendala yang ada saat ini terkait status kawasan hutan konservasi yang menjadi lokasi beroperasinya Bandara Waisai. "" Sekitar 98 persen daerah Raja Ampat merupakan kawasan konservasi. Perlu campur tangan pusat untuk merubah sebagian status kawasan tersebut, sehingga bisa dimanfaatkan untuk mengembangkan Bandara, "" ujarnya. Selain memacu infrastruktur, Pemerintah Kabupaten Raja Ampat juga terus melakukan kegiatan promosi, objek-objek yang selama ini belum banyak diketahui wisatawan. Selain wisata bahari, katanya, Raja Ampat memiliki obyek pariwisata lain seperti danau ubur-ubur serta wisata burung. Di daerah kepulauan ini, terdapat banyak buruk endemik Papua yang tidak bisa didapati di daerah lain.","Pemerintah Kabupaten Raja Ampat di Papua Barat berusaha meningkatkan infrastruktur pendukung sektor pariwisata. Bupati Raja Ampat Abdul Faris Umlati mengatakan selain bandara, infrastruktur yang juga diperbaiki yakni jalan menuju penginapan - penginapan yang ada. Menurutnya perbaikan jalan darat dan pengembangan Bandara Waisai menjadi prioritas pemerintah Raja Ampat saat ini. Ia ingin, pemerintah daerah lebih mandiri dalam mengelola pariwisata di daerah tersebut.",214,61,0.285,12
1477450807-konservasi-gajah-sumatera-diresmikan-di-aceh-barat,tajuk utama,cnn indonesia,"Jakarta, CNN Indonesia - - Pemerintah Kabupaten Aceh Barat meresmikan Pos Pusat Konservasi Gajah atau Conservation Response Unit ( CRU), Senin ( 24 / 10). Konservasi ini diharapkan dapat menjadi penengah konflik antara gajah dan warga lokal. Bupati Aceh Barat Teuku Alaidinsyah mengatakan, pertikaian antara manusia dan gajah memang kerap di daerahnya. Warga merasa gajah sering merusak lahan pertanian. Akibatnya, pembunuhan terhadap gajah marak terjadi. "" Banyak petani di wilayah pedalaman Aceh Barat yang mengeluh kehancuran tanaman akibat dirusak atau dimakan gajah. Kondisi serupa juga dihadapi perusahaan perkebunan sawit, "" ujarnya di Meulaboh, seperti dilansir Antara. Alaidinsyah menuturkan, gajah sering masuk ke pemukiman penduduk. Warga pun merasa terancam. Di sisi lain, pembunuhan gajah terjadi bukan hanya karena perlawanan penduduk, tapi juga dilaterbelakangi motif ekonomi. Dalam sejumlah kasus, gajah ditemukan mati dalam kondisi mengenaskan: gading dipatahkan dan dicuri. Keberadaan CRU, menurut Alaidinsyah, dapat memberikan rasa aman bagi gajah dan penduduk Aceh Barat. Keseimbangan alam pun, kata dia, dapat dilestarikan. Lebih dari itu, Alaidinsyah mengakui habitat gajah semakin sempit karena alih fungsi lahan menjadi perkebunan sawit dan lahan pertanian masyarakat. Padahal, gajah mempunyai daya jelajah yang tinggi. Ia meminta masyarakat untuk memahami kearifan lokal serta pola hubungan gajah dan warga Aceh yang telah terjalin sejak ratusan tahun silam. "" Kami memang kesal, bahkan marah, saat sumber ekonomi kami dirusak, namun sepatutnya kami juga sadari bahwa gajah juga membutuhkan habitat dan sumber makanan untuk keberlangsungan hidupnya, "" kata Alaidinsyah. Awal Oktober lalu, lima gajah masuk ke pemukiman di Desa Sumber Batu, Aceh Barat. Geucik atau kepala desa setempat menyebut gajah-gajah itu merusak berbagai tanaman di kebun warga. Peristiwa serupa juga terjadi Juni dan Mei lalu, di lokasi yang sama. Kepala Pelaksana BPBD Teuku Syahluna Polem saat itu berkata, beberapa desa di Aceh Barat telah menjadi lintasan gajah sejak lama. Kampung - kampung itu baru berdiri beberapa tahun ke belakang. "" Mulai dari Desa Sumber Batu, Bukit Jaya, Balee, Reudep dan beberapa lain di Kecamatan Meureubo sejak dulu memang gajah sering masuk kesitu. Apalagi saat konflik Aceh disana tidak ada penduduk, "" ucapnya. Kekhawatiran atas kepunahan gajah Sumatera ( elephas maximus sumatrensis) sebelumnya dikampanyekan aktor Hollywood Leonardo DiCaprio. Maret lalu ia berkunjung ke Taman Nasional Gunung Leuser. Ketika itu, DiCaprio menyatakan, perkebunan sawit mempersempit ruang gerak gajah Sumatera. Satwa itu pun sulit menemukan makanan dan sumber air. Merujuk arsip Dinas Kebudayaan dan Pariwisata Pemprov Aceh, gajah berperan vital pada kejayaan kerajaan - kerajaan di daerah itu sejak abad ke - 17. Sultan Iskandar Muda misalnya, menjadikan gajah sebagai armada perang. Ia membentuk satuan prajurit kaveleri bergajah yang jumlahnya disebut mencapai seribu orang. ( abm / abm)","Pemerintah Kabupaten Aceh Barat telah meresmikan Pos Pusat Konservasi Gajah atau Conservation Response Unit ( CRU) untuk menangani konflik antara warga lokal dan gajah. Bupati Aceh Barat, Teuku Alaidinsyah, mengatakan warga merasa gajah sering merusak ke lahan pertanian, sehingga kerap terjadi pembunuhan gajah. Namun menururtnya pembunuhan gajah juga disebabkan motif ekonomi, karena beberapa gajah ditemukan mati dalam kondisi tanpa gading.",432,60,0.1389,32
1491253246-kartu-indonesia-1-mempermudah-layanan-pajak,tajuk utama,kumparan,"Menteri Keuangan Sri Mulyani Indrawati meluncurkan Kartu Indonesia 1 atau Kartini1 pada Jumat lalu. Kartu sakti Direktorat Pajak Kementerian Keuangan, ini dibuat untuk mempermudah masyarakat mendapatkan pelayanan dengan mudah melalui identitas tunggal. Sebab, selain akan mengintegrasikan data pajak yang sebelumnya ada dalam Nomor Pokok Wajib Pajak ( NPW), kartu ini juga akan terintegrasi dengan e - KTP, BPJS Ketenagakerjaan, SIM, dan Paspor dalam satu kartu sekaligus. Bahkan, rencananya akan terintegrasi dengan sistem keuangan perbankan. Direktur Eksekutif Center for Indonesia Taxation Analysis ( CITA) Yustinus Prastowo mengatakan peluncuran Kartin1 cukup positif bagi pelayanan wajib pajak. Namun, dia menilai Kartin1 sama dengan konsep single Identity Number ( ID) yang diusung Otoritas Jasa Keuangan. Selain itu, penerapan single ID di Indonesia juga sudah dilakukan dalam e - KTP yang dikelola Kementerian Dalam Negeri. Dia mengaku khawatir jika Kartin1 akan menimbulkan ego sektoral dan rebutan kewenangan. "" Saya khawatir kalau dipegang Ditjen Pajak akan timbul ego sektoral. Karena ini domain Mendagri, nanti akan rebutan kewenangan itu pasti, "" kata Prastowo saat dihubungi kumparan ( kumpara.com), Senin ( 3 / 4). Prastowo mengusulkan agar pengelolaan Kartin1 sebaiknya diserahkan kepada Kementerian Dalam Negeri agar pelaksanaannya lebih efektif. Apalgi, Kemendagri memiliki kewenangan atas pengelolaan identitas tunggal warga Indonesia. "" Integrasi identitas ini akan lebih efektif kalau core kependudukan, jadi domainnya Mendagri. Karena secara Undang-Undang mereka yang punya kewenangan identitas ini, identitas tunggal ini, "" katanya. Direktur Transformasi Teknologi Komunikasi dan Informasi Ditjen Pajak Kementerian Keuangan, Iwan Djuniardi, mengatakan Kartin1 berbeda dengan e - KTP. Menurut dia, Kartin1 merupakan pelengkap dari e - KTP. Jika saat ini e - KTP hanya merekam identitas warga, kata Iwan, Kartin1 bisa digunakan untuk keperluan pajak dan fasilitas lainnya seperti transaksi dan pemanfaatkan fasilitas layanan pemerintah. “ Sebenarnya kalau e - KTP masih cukup kapasitasnya, kami akan bergabung ke sana. Tapi ternyata e - KTP tidak cukup kapasitasnya, aplikasinya juga punya vendor, harus bayar segala macam, ” kata Iwan. Iwan memastikan tidak akan ada rebutan kewenangan atau ego sektoral yang dikhawatirkan banyak pihak. Menurut dia, Direktorat Pajak sudah berkoodinasi dengan Menteri Dalam Negeri Tjahjo Kumolo sebelum Kartin1 diluncurkan. “ Kami sudah berkoordinasi dan membicarakan soal Kartin1. Beliau ( Tjahjo Kumolo) setuju, bahkan mendukung program Kartin1, ” ujarnya.","Menteri Keuangan Sri Mulyani Indrawati meluncurkan Kartu Indonesia 1 atau Kartini1, Kartu sakti Direktorat Pajak Kementerian Keuangan, ini dibuat untuk mempermudah masyarakat mendapatkan pelayanan dengan mudah melalui identitas tunggal. Sebab, selain akan mengintegrasikan data pajak yang sebelumnya ada dalam Nomor Pokok Wajib Pajak ( NPW), kartu ini juga akan terintegrasi dengan e - KTP, BPJS Ketenagakerjaan, SIM, dan Paspor dalam satu kartu sekaligus.",365,63,0.1726,23
1517187123-dibekuk-west-brom-di-anfield-liverpool-tersingkir,olahraga,poskotanews,"INGGRIS - Liverpool tumbang di Anfield. Pasukan Jurgen Klopp itu keok dari tamunya West Bromwich Albion 2 - 3 pada laga babak keempat Piala FA, Minggu ( 28 / 1 / 2018) dinihari WIB. Dengan hasil ini Liverpool harus tersingkir. Sempat unggul lewat gol Roberto Firminho menit kelima namun dibalas dengan cepat oleh West Bromwich menit ketujuh lewat gol Rodruguez menit ke - 11. Tim tamu kian menjauh dengan gol bunuh diri Matip saat laga memasuki injury time babak pertama. Mohamed Salah sempat mendatangkan harapan untuk Liverpool ketika mantan pemain AS Roma itu mampu mencetak gol pada menit ke - 78. Namun berkat pertahanan solid West Bromwich Albion FC, akhirnya mereka mampu menang di kandang The Reds. Kekalahan ini tentu menyakitkan bagi Liverpool pasalnya tuan rumah benar-benar menguasai laga sejak menit awal. Data yang ada mereka menguasai pertandingan hingga 69 persen Gol cepat Liverpool tercipta pada menit kelima. Berawal ketika Mohamed Salah berhasil mencuri bola dari lini belakang West Brom. Dia memberi umpan kepada Roberto Firmino, yang kemudian pemain asal Brasil itu mencungkil bola dan dengan cantiknya dan mampu menjebol gawang West Brom karena kiper Foster sudah sempat terlalu maju mau menyongsong bola. Namun, hanya butuh dua menit bagi West Brom menyamakan kedudukan. Tembakan Jay Rodriguez ke pojok kanan atas gawang Simon Mignolet berbuah gol, setelah memanfaatkan lini belakang Liverpool yang berantakan. Hasil itu membuat West Brom kian percaya diri. Apalagi kali ini pertahanan tuan rumah benar-benar berantakan. Pada menit ke - 11 mereka membalikkan kedudukan. Rodriguez mampu mencetak brace lewat gol memanfaatkan umpan tarik Kieran Gibbs. Tim tamu sempat unggul lewat Craig Dawson ketika tandukannya mampu menjebol gawang Mignolet. Namun pemain-pemain Liverpool memprotes menyebut Dawson offside. Untuk memutuskannya wasit harus berkonsultasi lewat VAR ( Video Assistant Referee). Dan menyatakan Dawson memang sudah offside. VAR kembali mengambil peran ketika wasit memberikan penalti untuk Liverpool di menit ke - 25. Salah dijatuhkan Jack Livermore dan wasit tak yakin akan putusan dan meminta bantuan VAR, hingga ditunjuklah titik putih. Tapi eksekusi Firmino mengenai tiang gawang. Jelang babak pertama berakhir, West Brom malah kembali membuat gol. Dawson membuat tembakan menyilang yang melewati Mignolet. Joel Matip sebenarnya punya peluang menyapu bola dan mencoba menghalau dengan tumit, tapi upayanya tak sempurna. Bola malah masuk ke gawang sendiri. Babak pertama berakhir 3 - 1 untuk West Brom. Pada babak kedua segala usaha dilakukan Liverpool untuk memperkecil kekalahan. Namun kokohnya pertahanan West Brom membuat mereka tetap kesulitan. Tidak itu saja pasukannya Jurgen Klopp itu seolah kehilangan kreatifias. Hanya saja setelah terus berjuang, Liverpool akhirnya mampu memperkecil kedudukan pada menit ke - 77 lewat sepakan terukur Salah memanfaatkan umpan dada Firmino. Laga pun semakin panas dimana Liverpool mengurung West Brom. Namun, tak ada gol tambahan dan Liverpool takluk 2 - 3. ( b)","Liverpool tumbang di Anfield. Pasukan Jurgen Klopp itu keok dari tamunya West Bromwich Albion 2 - 3 pada laga babak keempat Piala FA, Minggu ( 28 / 1 / 2018) dinihari WIB. Dengan hasil ini Liverpool harus tersingkir. Kekalahan ini tentu menyakitkan bagi Liverpool pasalnya tuan rumah benar-benar menguasai laga sejak menit awal. Data yang ada mereka menguasai pertandingan hingga 69 persen.",455,62,0.1363,37
1498982400-prada-banderol-penjepit-kertas-rp-24-juta,hiburan,cnn indonesia,"Jakarta, CNN Indonesia - - Prada, merek fesyen papan atas, menuai komentar pedas setelah melego penjepit kertas seharga US$ 185 atau sekitar Rp 2,4 juta melalui Barneys.com. Padahal, selain merek, penjepit kertas rancangan rumah mode yang bermarkas di Italia itu cuma terbuat dari bahan perak. Bahkan, mengutip CNN.com, Rabu ( 28 / 6), dengan harga yang dibanderol sebesar itu untuk penjepit kertas Prada, seseorang dapat membawa pulang hingga lebih dari 13.000 penjepit kertas. Disebutkan bahwa dengan panjang 6,25 centimeter ( cm) dan lebar 2,25 cm, jam tangan tipe magnum opus ciptaan Prada dilego US$ 13 per cm atau sekitar Rp 169.000. Tidak heran penjepit kertas Prada menuai komentar pedas. Akun twitter @FreddyAmazin berkicau, “ US$ 185 untuk penjepit kertas? Semoga barang ini bisa menahan hidup saya. ” Penjepit kertas Prada ini sendiri dikatakan berguna jika penggunanya membawa uang tunai paling sedikit US$ 186 untuk dijepit. Akun Twitter @tohrusoma_anna yang mencuit, “ ketika saya membeli penjepit ini, tidak akan ada cukup uang untuk dijepit. ” Namun demikian, Barneys menawarkan dua variasi penjepit yang bisa disesuaikan dengan kebutuhan penggunanya. Salah satu penjepit dijual sedikit lebih murah, yakni US$ 150. Penjepit kertas Prada ini menambah panjang daftar perancang dunia yang melego barang-barang mewah yang sebelumnya tak terpikirkan. Sebelumnya, Balenciaga menawarkan tas belanja barang yang sederhana ( tote bag) seharga US$ 2.145.","Prada menuai komentar pedas setelah melego penjepit kertas seharga US$ 185 atau sekitar Rp 2,4 juta melalui Barneys.com. Padahal, selain merek, penjepit kertas rancangan rumah mode yang bermarkas di Italia itu cuma terbuat dari bahan perak. Penjepit kertas Prada ini menambah panjang daftar perancang dunia yang melego barang-barang mewah yang sebelumnya tak terpikirkan.",218,53,0.2431,13
1501365600-kompor-untuk-penggemar-video-dari-tasty,teknologi,dailysocial.id,"Kalau Anda sering menonton video panduan memasak di media sosial, besar kemungkinan Anda mengenal yang namanya Tasty. Dua tahun sejak media digital BuzzFeed memperkenalkannya, Tasty sudah menjadi salah satu brand yang sangat populer, dimana rata-rata koleksi videonya ditonton sebanyak 2,3 miliar kali setiap bulannya. Kini, BuzzFeed punya cara yang lebih unik lagi guna semakin mendongkrak popularitas Tasty. Lewat divisi Product Labs -nya dan dibantu oleh GE First Build, mereka memperkenalkan Tasty One Top, sebuah kompor induksi berkonektivitas Bluetooth yang dapat disinkronisasikan dengan aplikasi Tasty – yang juga baru saja dirilis untuk iOS, dan segera menyusul untuk Android. Jujur saya sempat mengernyitkan dahi saat pertama mendengar soal Tasty One Top, tapi setelah memahami cara kerjanya, produk ini rupanya menarik juga. Jadi ketika pengguna memilih satu dari 1.700 resep yang terdapat di aplikasi Tasty, mereka dapat meneruskan informasi tersebut ke One Top untuk mulai memasak. Dari situ One Top akan menyesuaikan suhu maupun daya panasnya sesuai dengan instruksi demi instruksi yang tercantum pada aplikasi Tasty. Saat sudah waktunya untuk membalik, daging misalnya, One Top juga akan memberi tahu Anda. Berbekal sederet sensor, One Top dapat memonitor suhu permukaan panci atau wajan secara presisi, dan konsumen juga akan mendapat termometer terpisah untuk makanannya. Selain dengan panci dan wajan, One Top rupanya juga bisa digunakan dengan teknik memasak sous vide. BuzzFeed rencananya akan memasarkan Tasty One Top di Amerika Serikat mulai November mendatang. Banderol harganya dipatok $ 175, namun yang tertarik melakukan pre - order bisa mendapatkannya seharga $ 149. Sumber: TechCrunch. DailySocial.id adalah portal berita startup dan inovasi teknologi. Kamu bisa menjadi member komunitas startup dan inovasi DailySocial.id, mengunduh laporan riset dan statistik seputar teknologi secara cuma-cuma, dan mengikuti berita startup Indonesia dan gadget terbaru.","BuzzFeed punya cara yang lebih unik lagi guna semakin mendongkrak popularitas Tasty. Lewat divisi Product Labs -nya dan dibantu oleh GE First Build, mereka memperkenalkan Tasty One Top, sebuah kompor induksi berkonektivitas Bluetooth yang dapat disinkronisasikan dengan aplikasi Tasty – yang juga baru saja dirilis untuk iOS, dan segera menyusul untuk Android.",282,52,0.1844,15
1513238149-jk-rowling-terima-penghargaan-dari-kerajaan-inggri,showbiz,cnn indonesia,"Jakarta, CNN Indonesia - - Harry Potter berhasil membawa JK Rowling menerima penghargaan dari Kerajaan Inggris. Rowling mendapatkan penghargaan prestisius bertajuk Companion of Honour. Rowling menerima penghargaan itu atas jasanya di bidang literasi dan filantropi berkat kesuksesan serial Harry Potter baik dalam bentuk buku maupun film. Pemilik nama asli Joanne Rowling itu menerima sebuah lencana dengan kain merah dari Pangeran William pada Selasa ( 12 / 12) di Istana Buckingham. Saat menerima penghargaan itu, Rowling datang bersama suaminya, Neil Murray. "" Masuk dalam kategori terhormat dan berbakat dari Companions of Honour, terutama sebagai penulis perempuan, adalah keistimewaan, "" kata Rowling usai menerima penghargaan itu. Companions of Honour merupakan penghargaan yang diberikan bagi orang-orang yang berjasa dalam berbagai bidang di Inggris. Sejak diberikan oleh Raja George V pada 1917, hanya ada 65 orang yang menerima penghargaan itu mulai dari politisi, ilmuwan, seniman, olahragawan, hingga koki. Penghargaan ini membuat nama Rowling sejajar dengan Stephen Hawking, Janet Baker, Judi Dench, Ian McKellen, dan Maggie Smith yang sudah mendapatkan gelar serupa sebelumnya. Diberitakan Huffington Post, penghargaan Companion of Honour ini bukan gelar pertama dari Kerajaan Inggris yang diterima Rowling. Pada 2001 Rowling menerima titel Officer of the Order of the British Empire karena jasanya terhadap literasi anak. Penghargaan ini satu tingkat lebih tinggi daripada yang diterima Ed Sheeran beberapa waktu lalu. Kerajaan Inggris punya lima tingkatan gelar, dimulai dari Member, Officer, Commander, Knight Commander atau Dame Commander, dan yang paling tinggi Knight Grand Cross atau Dame Grand Cross of the Most Excellent Order. Pemilik gelar Knight Grand Cross atau Dame Grand Cross berhak menggunakan gelar Sir bagi pria atau Dame bagi wanita, di nama mereka. ( end)","Harry Potter berhasil membawa JK Rowling menerima penghargaan dari Kerajaan Inggris. Rowling mendapatkan penghargaan prestisius bertajuk Companion of Honour. Pemilik nama asli Joanne Rowling itu menerima sebuah lencana dengan kain merah dari Pangeran William pada Selasa ( 12 / 12) di Istana Buckingham. Saat menerima penghargaan itu, Rowling datang bersama suaminya, Neil Murray.",273,53,0.1941,15
1478102458-cl-2ne1-manggung-dalam-tur-perdana-di-amerika-utar,showbiz,antaranews,"Seoul ( ANTARA News) - CL dari grup K - pop 2NE1 menggelar tur solo pertama di Amerika Utara. Rapper 25 tahun itu manggung dalam "" HELLO BI+CHES TOUR 2016 "" di Hammerstein Ballroom, New York, Sabtu waktu setempat, kata YG Entertainment dalam keterangan pers. Total, artis K - pop itu akan menggelar konser di sembilan kota Amerika Serikat dan Kanada. Konser New York dibuka dengan video perkenalan mengenai sejarah CL, dari masa kecil ke debut di dunia musik hingga kini. Rapper itu kemudian menghambur ke panggung sambil membawakan “ Fire ”, salah satu lagu terkenal dari 2NE1 yang ditata ulang untuk penampilan solo. CL menyanyikan lagu-lagu lain dari 2NE1 seperti "" Can't Nobody, "" "" I Am the Best, "" "" I Don't Care "" dan "" Falling in Love, "" serta lagu solonya "" The Baddest Female, "" "" MTBD, "" "" Dr. Pepper "" dan "" Lifted. "" CL telah mempersiapkan karir musiknya di AS sejak 2NE1 berhenti berkarya semenjak merilis “ Crush ” pada Februari 2014. Pada April 2016, grup itu berubah formasi jadi trio karena anggota termudanya, Gong Minzy, memutuskan keluar. Pada Agustus, CL secara resmi meluncurkan debut solo di AS berjudul “ Lifted ”. Konser berikutnya di AS akan diselenggarakan di delapan kota, meliputi Seattle, Vancouver, San Francisco, Los Angeles, Dallas, Atlanta dan Toronto, demikian kantor berita Yonhap.","CL dari grup K - pop 2NE1 menggelar tur solo pertama di Amerika Utara yang bertajuk "" HELLO BI+CHES TOUR 2016 "" di Hammerstein Ballroom, New York, berdasarkan info YG Entertainment dalam keterangan pers. Rapper 25 tahun itu total akan menggelar konser di sembilan kota Amerika Serikat dan Kanada. CL telah mempersiapkan karir musiknya di AS sejak 2NE1 berhenti berkarya semenjak merilis “ Crush ” pada 2014.",224,67,0.2991,10
